,School,School_Rank,School_Type,Setting,Address,City,State,Private_Cost,In_State_Cost,Out_State_Cost,Average_Cost_After_Aid,Undergraduate_Enrollment,Acceptance_Rate,Application_Date,SAT_Lower,SAT_Upper,ACT_Lower,ACT_Upper,High_School_GPA,Room_and_Board,Average_Need_Based_Aid_Package,Bibliometric_rank,Graduate_Enrollment,Total_Enrollment,Full_Time_Students,Student_Faculty_Ratio,Classes_Under20_Students,Male_Student_Percentage,Female_Student_Percentage,Minority_Enrollment,Minority_Percentage,Ethnic_Group_2,Ethnic_Percentage_2,Ethnic_Group_3,Ethnic_Percentage_3,Ethnic_Group_4,Ethnic_Percentage_4,Ethnic_Group_5,Ethnic_Percentage_5,Ethnic_Group_6,Ethnic_Percentage_6,Ethnic_Group_7,Ethnic_Percentage_7,Ethnic_Group_8,Ethnic_Percentage_8,Graduation_Rate,Percentage_of_Graduating_Students_Who_Borrowed,Average_Debt_at_Graduation,Median_Starting_Salary,Latitude,Longitude
0,Princeton University,1,Private,Suburban,"Princeton, NJ, 08544",Princeton,NJ,59710,,,11080,5604,6,1-Jan,1500,1580,34,35,3.9,19380,62844,5,3238,8842,5527,5,74,50,50,Minority Enrollment,49,White,38,Asian,24,International,12,Hispanic,10,Black,8,Two or more races,7,Unknown,2,88,17,12500,64287,40.3492,-74.6528
0,Massachusetts Institute of Technology,2,Private,Urban,"77 Massachusetts Avenue, Cambridge, MA, 02139",Cambridge,MA,60156,,,5084,4657,4,1-Jan,1520,1580,35,36,,19390,60077,1,7201,11858,4582,3,71,52,48,Minority Enrollment,64,Asian,34,White,22,Hispanic,15,International,11,Black,8,Two or more races,7,Unknown,3,89,15,25556,102988,42.3647,-71.1042
0,Harvard University,3,Private,,"Cambridge, MA, 02138",Cambridge,MA,59076,,,13259,7240,3,1-Jan,1490,1580,34,36,3.9,20374,70387,3,14373,21613,7178,7,71,48,52,Minority Enrollment,52,White,34,Asian,23,International,13,Hispanic,12,Black,9,Two or more races,8,Unknown,1,87,15,13683,86549,42.377,-71.1256
0,Stanford University,3,Private,Suburban,"Stanford, CA, 94305",Stanford,CA,62484,,,7200,8049,4,5-Jan,1500,1580,33,35,3.9,19922,72000,2,10234,18283,7761,6,69,49,51,Minority Enrollment,62,Asian,26,White,26,Hispanic,18,International,11,Two or more races,10,Black,7,American Indian,1,73,14,20691,77677,37.4236,-122.1619
0,Yale University,5,Private,City,"New Haven, CT, 06520",New Haven,CT,64700,,,16341,6645,5,2-Jan,1500,1580,33,35,,19180,70295,12,8161,14806,6473,6,73,49,51,Minority Enrollment,52,White,35,Asian,22,Hispanic,15,International,10,Black,8,Two or more races,7,Unknown,1,88,14,17910,60511,41.3082,-72.9282
0,University of Pennsylvania,6,Private,Urban,"1 College Hall, Room 100, Philadelphia, PA, 19104",Philadelphia,PA,66104,,,14851,9760,7,5-Jan,1500,1570,34,35,3.9,18496,62265,17,13614,23374,9717,8,59,46,54,Minority Enrollment,51,White,31,Asian,28,International,13,Hispanic,10,Black,8,Two or more races,5,Unknown,5,88,18,27705,76746,39.9597,-75.2024
0,California Institute of Technology,7,Private,Suburban,"1200 E. California Boulevard, Pasadena, CA, 91125",Pasadena,CA,63255,,,29279,982,3,3-Jan,,,,,,19503,64303,12,1419,2401,982,3,71,55,45,Minority Enrollment,68,Asian,34,Hispanic,22,White,21,Two or more races,9,International,9,Black,3,Unknown,1,81,27,17219,86037,34.1478,-118.1445
0,Duke University,7,Private,,"2138 Campus Drive, Box 90586, Durham, NC, 27708",Durham,NC,66172,,,31416,6640,6,3-Jan,1490,1570,34,35,,19066,63935,19,11384,18024,6543,5,71,47,53,Minority Enrollment,48,White,37,Asian,21,Hispanic,11,International,10,Black,9,Two or more races,7,Unknown,4,91,24,24990,69932,36.0287,-78.924
0,Brown University,9,Private,City,"Box 1920, Providence, RI, 02912",Providence,RI,68230,,,26308,7639,5,3-Jan,1490,1580,34,36,,16598,62234,43,3550,11189,7166,6,69,48,52,Minority Enrollment,47,White,38,Asian,19,Hispanic,12,International,12,Black,8,Two or more races,8,Unknown,3,85,21,26272,54465,41.824,-71.4128
0,Johns Hopkins University,9,Private,Urban,"3400 N. Charles Street, Baltimore, MD, 21218",Baltimore,MD,63340,,,14254,6044,7,3-Jan,1520,1570,34,35,3.9,19840,62498,21,25231,31275,5633,6,78,45,55,Minority Enrollment,63,Asian,27,White,21,Hispanic,20,International,15,Black,9,Two or more races,7,Unknown,1,89,34,17712,78932,39.3265,-76.6048
0,Northwestern University,9,Private,,"633 Clark Street, Evanston, IL, 60208",Evanston,IL,65997,,,28230,8659,7,2-Jan,1490,1570,33,35,,20334,63954,6,14073,22732,8526,7,78,46,54,Minority Enrollment,49,White,37,Asian,21,Hispanic,14,International,11,Black,7,Two or more races,7,Unknown,3,87,29,34309,66776,42.0586,-87.6845
0,Columbia University,12,Private,,"2960 Broadway, New York, NY, 10027",New York,NY,65524,,,12836,8832,4,1-Jan,1470,1570,34,35,,,,12,24944,33776,8161,6,,51,49,Minority Enrollment,45,White,32,International,18,Asian,17,Hispanic,15,Black,7,Two or more races,6,Unknown,4,88,,,70664,40.8116,-73.955
0,Cornell University,12,Private,Rural,"Ithaca, NY, 14853",Ithaca,NY,66014,,,29011,15735,7,2-Jan,1470,1570,33,35,,18554,59644,12,10163,25898,15629,9,55,46,54,Minority Enrollment,50,White,33,Asian,23,Hispanic,15,International,10,Black,7,Unknown,6,Two or more races,5,89,37,28408,66972,42.4474,-76.4837
0,University of Chicago,12,Private,Urban,"5801 S. Ellis Avenue, Chicago, IL, 60637",Chicago,IL,65619,,,22690,7470,5,2-Jan,1500,1580,34,35,,19221,68901,9,8476,15946,7455,5,77,53,47,Minority Enrollment,50,White,32,Asian,20,Hispanic,16,International,16,Black,7,Two or more races,7,Unknown,2,89,14,28068,69111,41.7813,-87.6051
0,"University of California, Berkeley",15,Public,City,"110 Sproul Hall, Berkeley, CA, 94720",Berkeley,CA,,15891,48465,15240,32831,11,30-Nov,,,,,3.9,22402,31559,3,12914,45745,30568,19,50,44,56,Minority Enrollment,63,Asian,35,Hispanic,20,White,20,International,13,Two or more races,6,Unknown,3,Black,2,82,28,16419,54348,37.8738,-122.2549
0,"University of California, Los Angeles",15,Public,Urban,"405 Hilgard Avenue, Los Angeles, CA, 90095",Los Angeles,CA,,13752,46326,11627,32423,9,30-Nov,,,,,3.9,17148,26566,21,15409,47832,31463,19,49,40,60,Minority Enrollment,61,Asian,29,White,26,Hispanic,22,International,9,Two or more races,7,Black,3,Unknown,3,84,33,17920,39803,33.7866,-118.2987
0,Rice University,17,Private,Urban,"6100 Main St., Houston, TX, 77005",Houston,TX,58128,,,17805,4494,9,4-Jan,1490,1570,34,36,,15900,59724,21,4178,8672,4380,6,66,51,49,Minority Enrollment,57,Asian,29,White,28,Hispanic,15,International,13,Black,8,Two or more races,5,Unknown,1,88,18,19623,69373,29.7179,-95.4263
0,Dartmouth College,18,Private,Rural,"6016 McNutt Hall, Hanover, NH, 03755",Hanover,NH,65511,,,33023,4458,6,3-Jan,1500,1580,33,35,,18759,68902,48,2286,6744,4363,7,62,51,49,Minority Enrollment,38,White,48,Asian,14,International,13,Hispanic,10,Two or more races,7,Black,6,American Indian,1,84,33,25195,60840,43.7045,-72.285
0,Vanderbilt University,18,Private,Urban,"Nashville, TN, 37240",Nashville,TN,63946,,,22204,7151,7,1-Jan,1490,1570,34,35,3.9,20978,69254,19,6559,13710,7078,7,61,48,52,Minority Enrollment,44,White,41,Asian,17,Hispanic,11,Black,10,International,10,Two or more races,6,Unknown,4,89,18,30364,59743,36.1866,-86.7852
0,University of Notre Dame,20,Private,Suburban,"Notre Dame, IN, 46556",Notre Dame,IN,62693,,,32369,8971,13,1-Jan,1420,1550,32,35,,17378,60694,107,4134,13105,8899,9,60,51,49,Minority Enrollment,29,White,64,Hispanic,13,Asian,6,Two or more races,6,International,6,Black,4,Unknown,1,94,36,28625,65627,41.7002,-86.2379
0,University of Michigan--Ann Arbor,21,Public,City,"500 S. State St., Ann Arbor, MI, 48109",Ann Arbor,MI,,17786,57273,17086,32695,18,1-Feb,1350,1530,31,34,3.9,13171,26947,26,18530,51225,31148,15,56,48,52,Minority Enrollment,35,White,51,Asian,18,Hispanic,8,International,8,Two or more races,5,Unknown,5,Black,4,81,35,28487,59818,42.2776,-83.7409
0,Georgetown University,22,Private,Urban,"37th and O Streets NW, Washington, DC, 20057",Washington,DC,65082,,,24570,7900,12,10-Jan,1390,1560,32,35,,20458,49953,74,13084,20984,7143,11,61,45,55,Minority Enrollment,32,White,50,Asian,14,International,14,Hispanic,7,Two or more races,6,Black,5,Unknown,3,91,34,25512,69193,38.8933,-77.0146
0,University of North Carolina at Chapel Hill,22,Public,,"311 Henry Owl Building, CB#3350, Chapel Hill, NC, 27599",Chapel Hill,NC,,8998,39338,13263,20210,17,15-Jan,1350,1530,30,34,,13016,17355,30,11739,31949,19162,15,44,40,60,Minority Enrollment,37,White,55,Asian,14,Hispanic,10,Black,8,Two or more races,5,International,5,Unknown,2,85,33,20680,46617,36.0525,-79.1077
0,Carnegie Mellon University,24,Private,,"5000 Forbes Avenue, Pittsburgh, PA, 15213",Pittsburgh,PA,63829,,,37846,7509,11,1-Jan,1490,1570,34,35,3.9,17468,56256,17,9270,16779,7177,6,70,50,50,Minority Enrollment,51,Asian,32,International,24,White,21,Hispanic,10,Two or more races,5,Unknown,5,Black,4,76,34,30334,86423,40.444,-79.9552
0,Emory University,24,Private,,"201 Dowman Drive, Atlanta, GA, 30322",Atlanta,GA,60774,,,25424,7101,11,1-Jan,1430,1550,32,34,3.8,18972,52113,21,7751,14852,6949,9,58,43,57,Minority Enrollment,49,White,33,Asian,24,International,17,Hispanic,11,Black,9,Two or more races,5,Unknown,1,83,32,25895,57366,33.7952,-84.3248
0,University of Virginia,24,Public,,"Charlottesville, VA, 22904",Charlottesville,VA,,22323,58950,20507,17496,19,5-Jan,1400,1540,32,34,,14700,35442,43,8653,26149,16357,15,49,44,56,Minority Enrollment,38,White,53,Asian,18,Black,7,Hispanic,7,Two or more races,6,International,5,Unknown,5,91,33,26211,58760,38.0401,-78.4851
0,Washington University in St. Louis,24,Private,City,"MSC 1089-105-05, One Brookings Drive, St. Louis, MO, 63130",St. Louis,MO,62982,,,27595,8132,11,3-Jan,1500,1570,33,35,,20778,68359,6,8880,17012,7401,7,66,45,55,Minority Enrollment,47,White,44,Asian,20,Hispanic,12,Black,9,International,8,Two or more races,6,Unknown,2,88,23,21932,56841,38.6669,-90.3225
0,"University of California, Davis",28,Public,,"1 Shields Avenue, Davis, CA, 95616",Davis,CA,,15266,46043,14920,31532,37,30-Nov,,,,,,18562,26553,48,8155,39687,29989,21,,40,60,Minority Enrollment,62,Asian,31,Hispanic,23,White,21,International,15,Two or more races,6,Black,2,Unknown,2,66,37,17534,39866,38.5538,-121.7418
0,"University of California, San Diego",28,Public,Urban,"9500 Gilman Drive, La Jolla, CA, 92093",La Jolla,CA,,16056,48630,14895,33096,24,30-Nov,,,,,3.9,17325,28830,9,8386,41482,31451,19,45,48,52,Minority Enrollment,65,Asian,39,Hispanic,23,White,19,International,14,Black,3,,,Unknown,2,72,39,19230,44276,32.8473,-117.2742
0,University of Florida,28,Public,City,"201 Criser Hall, Gainesville, FL, 32611",Gainesville,FL,,6381,28658,3679,34552,23,1-Mar,1300,1490,28,33,3.9,11500,14067,96,20659,55211,30690,16,53,44,56,Minority Enrollment,45,White,51,Hispanic,24,Asian,11,Black,5,Two or more races,5,International,2,Unknown,2,72,25,18991,45803,29.6813,-82.3539
0,University of Southern California,28,Private,Urban,"University Park, Los Angeles, CA, 90089",Los Angeles,CA,68237,,,25972,20699,12,15-Jan,1450,1550,32,35,3.8,19198,63884,43,28246,48945,19927,9,62,48,52,Minority Enrollment,54,White,30,Asian,25,Hispanic,17,International,13,Black,6,Two or more races,6,Unknown,2,79,32,26534,57711,33.7866,-118.2987
0,University of Texas at Austin,32,Public,Urban,"Austin, TX, 78705",Austin,TX,,11698,41070,17519,41309,31,1-Dec,,,29,34,,13058,19550,40,11075,52384,38444,18,39,43,57,Minority Enrollment,61,White,33,Hispanic,28,Asian,24,Black,5,Two or more races,4,International,4,Unknown,1,72,41,21809,48212,30.2896,-97.7396
0,Georgia Institute of Technology,33,Public,Urban,"225 North Avenue NW, Atlanta, GA, 30332",Atlanta,GA,,11764,32876,14820,18415,17,4-Jan,1370,1550,31,35,,15244,15828,30,26881,45296,16110,22,30,61,39,Minority Enrollment,50,White,38,Asian,30,International,10,Black,8,Hispanic,8,Two or more races,4,Unknown,1,56,32,27451,80777,33.7763,-84.398
0,"University of California, Irvine",33,Public,Suburban,"Irvine, CA, 92697",Irvine,CA,,15185,47759,9691,28661,21,30-Nov,,,,,,18639,26922,33,7275,35936,27679,18,56,44,56,Minority Enrollment,55,White,38,Asian,27,American Indian,13,Hispanic,13,International,6,Black,2,Unknown,1,73,39,16947,37809,33.6485,-117.8387
0,New York University,35,Private,Urban,"70 Washington Square S, New York, NY, 10012",New York,NY,60438,,,39565,29401,12,5-Jan,1470,1570,33,35,3.8,24102,59903,36,29711,59112,28206,8,59,41,59,Minority Enrollment,49,International,26,White,22,Asian,20,Hispanic,17,Black,8,Two or more races,4,Unknown,4,78,33,26388,56395,40.7255,-73.9983
0,"University of California, Santa Barbara",35,Public,Suburban,"Santa Barbara, CA, 93106",Santa Barbara,CA,,14881,45658,15458,23460,26,30-Nov,,,,,3.9,16515,26996,6,2961,26421,22304,17,57,44,56,Minority Enrollment,55,White,31,Hispanic,26,Asian,20,International,12,Two or more races,7,Black,2,Unknown,2,73,40,17242,36242,34.4329,-119.8371
0,University of Illinois Urbana-Champaign,35,Public,City,"601 E. John Street, Champaign, IL, 61820",Champaign,IL,,17572,36068,15483,35120,45,5-Jan,1340,1530,29,34,,13938,22142,55,21796,56916,33273,21,39,54,46,Minority Enrollment,46,White,39,Asian,22,Hispanic,14,International,14,Black,6,Two or more races,4,Unknown,1,72,41,22811,50616,40.111,-88.2407
0,University of Wisconsin--Madison,35,Public,,"500 Lincoln Drive, Madison, WI, 53706",Madison,WI,,11205,40603,16708,37230,49,1-Feb,1350,1510,28,33,3.8,13500,20697,55,12656,49886,33547,18,44,47,53,Minority Enrollment,24,White,62,Asian,10,International,10,Hispanic,8,Two or more races,4,Unknown,3,Black,2,72,37,27495,50967,43.0769,-89.4094
0,Boston College,39,Private,Suburban,"140 Commonwealth Avenue, Chestnut Hill, MA, 02467",Chestnut Hill,MA,67680,,,38412,9484,17,1-Jan,1435,1540,33,35,,18475,51752,74,5250,14734,9484,11,51,47,53,Minority Enrollment,31,White,59,Asian,12,Hispanic,11,International,7,Black,5,Two or more races,3,Unknown,3,88,45,24579,60375,42.3164,-71.1612
0,Rutgers University--New Brunswick,40,Public,City,"65 Davidson Road, Room 202, Piscataway, NJ, 08854",Piscataway,NJ,,17239,36001,15365,36344,66,Rolling,1270,1480,28,33,,14715,17117,82,14293,50637,34630,15,42,50,50,Minority Enrollment,59,Asian,33,White,32,Hispanic,15,Black,7,International,7,Two or more races,4,Unknown,2,70,47,26105,49190,40.5515,-74.459
0,Tufts University,40,Private,,"Bendetson Hall, Medford, MA, 02155",Medford,MA,67844,,,35683,6815,10,1-Jan,1450,1550,33,35,,17660,56540,43,6616,13431,6613,10,61,44,56,Minority Enrollment,39,White,45,Asian,16,International,13,Hispanic,10,Two or more races,7,Black,6,Unknown,4,90,25,24468,55909,42.4173,-71.1087
0,University of Washington,40,Public,Urban,"Box 355852, Seattle, WA, 98195",Seattle,WA,,12643,41997,10933,36872,48,15-Nov,1300,1520,29,34,3.8,17982,18369,9,16211,53083,29614,21,28,44,56,Minority Enrollment,49,White,35,Asian,27,International,14,Hispanic,10,Two or more races,8,Black,4,Unknown,3,71,28,18136,50704,47.6564,-122.3048
0,Boston University,43,Private,Urban,"1 Silber Way, Boston, MA, 02215",Boston,MA,65168,,,26170,18459,14,4-Jan,1350,1500,31,34,3.9,18110,61211,26,18255,36714,17415,11,60,42,58,Minority Enrollment,41,White,33,International,23,Asian,20,Hispanic,11,Black,5,Two or more races,5,Unknown,4,83,36,38263,51077,42.3471,-71.1027
0,The Ohio State University,43,Public,,"281 W. Lane Ave., Columbus, OH, 43210",Columbus,OH,,12485,36722,18623,46123,53,1-Feb,1310,1480,29,32,,13966,16449,61,14417,60540,42186,17,41,50,50,Minority Enrollment,26,White,63,Asian,9,Black,8,International,7,Hispanic,5,Two or more races,4,Unknown,3,69,44,25599,45201,40.0028,-83.0164
0,Purdue University--Main Campus,43,Public,City,"Schleman Hall, 475 Stadium Mall Drive, West Lafayette, IN, 47907",West Lafayette,IN,,9992,28794,9127,37949,53,Rolling,1200,1470,27,34,3.7,10030,13143,110,12935,50884,36133,14,39,57,43,Minority Enrollment,27,White,61,Asian,13,International,11,Hispanic,7,Two or more races,5,Black,2,Unknown,1,63,39,30861,56360,40.4249,-86.9162
0,"University of Maryland, College Park",46,Public,Suburban,"College Park, MD, 20742",College Park,MD,,11505,40306,17500,30353,44,20-Jan,1360,1520,30,34,,15417,14951,30,10439,40792,27913,18,47,51,49,Minority Enrollment,51,White,42,Asian,23,Black,13,Hispanic,10,Two or more races,5,Unknown,4,International,3,74,36,30420,52665,38.9896,-76.9457
0,Lehigh University,47,Private,City,"27 Memorial Drive West, Bethlehem, PA, 18015",Bethlehem,PA,62180,,,32698,5624,37,15-Jan,1340,1490,30,33,,16470,56219,137,1770,7394,5550,10,45,54,46,Minority Enrollment,29,White,60,Asian,10,Hispanic,10,International,8,Black,5,Two or more races,4,Unknown,3,83,45,37147,67872,40.6002,-75.3805
0,Texas A&M University,47,Public,City,"College Station, TX, 77843",College Station,TX,,12413,40607,20976,57512,63,1-Dec,1150,1390,25,31,,13154,19820,113,16502,74014,51040,19,24,53,47,Minority Enrollment,42,White,56,Hispanic,25,Asian,11,Two or more races,4,Black,2,,,International,1,61,39,24633,50427,30.6521,-96.341
0,University of Georgia,47,Public,City,"Administration Building, Athens, GA, 30602",Athens,GA,,11180,30220,14995,30714,43,1-Jan,1220,1420,27,32,,11246,14282,137,9893,40607,28757,17,49,42,58,Minority Enrollment,29,White,68,Asian,12,Hispanic,7,Black,6,Two or more races,4,International,1,Unknown,1,71,36,22532,45220,33.9433,-83.3724
0,University of Rochester,47,Private,Urban,"Wilson Boulevard, Rochester, NY, 14627",Rochester,NY,64384,,,31171,6767,39,5-Jan,1390,1540,31,34,3.8,18788,57871,41,5430,12197,6390,9,66,47,53,Minority Enrollment,33,White,40,International,24,Asian,16,Hispanic,8,Black,5,Two or more races,4,Unknown,3,82,47,29386,60800,43.1275,-77.6277
0,Virginia Tech,47,Public,,"Blacksburg, VA, 24061",Blacksburg,VA,,15478,36090,20927,30434,57,15-Mar,1220,1420,26,32,,14888,12202,107,7736,38170,29447,17,34,57,43,Minority Enrollment,33,White,60,Asian,12,Hispanic,10,Black,6,Two or more races,5,International,4,Unknown,3,70,46,32376,57372,37.1791,-80.3515
0,Wake Forest University,47,Private,,"P.O. Box 7373, Reynolda Station, Winston-Salem, NC, 27109",Winston-Salem,NC,64758,,,29214,5447,21,1-Jan,1380,1510,31,34,,20440,60695,65,3516,8963,5388,10,59,45,55,Minority Enrollment,24,White,66,Hispanic,9,International,9,Black,6,Two or more races,5,Asian,4,Unknown,1,85,25,31476,49929,36.0275,-80.2073
0,Case Western Reserve University,53,Private,,"10900 Euclid Avenue, Cleveland, OH, 44106",Cleveland,OH,62234,,,37702,6017,27,15-Jan,1410,1540,32,35,3.8,17040,,48,6184,12201,5873,9,51,52,48,Minority Enrollment,48,White,36,Asian,25,International,14,Hispanic,12,Black,6,Two or more races,5,Unknown,1,68,,,61888,41.5084,-81.6076
0,Florida State University,53,Public,City,"Tallahassee, FL, 32306",Tallahassee,FL,,6517,21683,9561,32936,25,1-Mar,1210,1370,26,31,3.7,12740,12809,74,11225,44161,29475,17,66,43,57,Minority Enrollment,38,White,58,Hispanic,23,Black,8,Two or more races,4,Asian,3,International,2,Unknown,1,74,36,18866,38690,30.4425,-84.2986
0,Northeastern University,53,Private,Urban,"360 Huntington Avenue, Boston, MA, 02115",Boston,MA,63141,,,34255,16302,7,1-Jan,1440,1550,33,35,,20880,55160,33,13711,30013,16172,16,66,44,56,Minority Enrollment,42,White,42,Asian,19,International,14,Hispanic,11,Black,6,Two or more races,6,Unknown,1,0,46,32559,67204,42.3427,-71.0922
0,"University of Minnesota, Twin Cities",53,Public,Urban,"100 Church Street SE, Minneapolis, MN, 55455",Minneapolis,MN,,16488,36402,17419,39248,75,Rolling,1290,1500,27,32,,13178,16337,43,15707,54955,28458,16,41,45,55,Minority Enrollment,31,White,61,Asian,12,Black,8,Hispanic,6,International,6,Two or more races,5,Unknown,2,73,51,26576,45291,44.9735,-93.2331
0,William & Mary,53,Public,Suburban,"PO Box 8795, Williamsburg, VA, 23187",Williamsburg,VA,,25041,48841,18650,6797,33,1-Jan,1375,1520,32,34,3.9,14555,26855,176,2857,9654,6711,13,44,42,58,Minority Enrollment,33,White,60,Asian,11,Hispanic,9,Two or more races,7,Black,6,International,4,Unknown,3,86,33,27866,45090,37.3105,-76.7468
0,Stony Brook University--SUNY,58,Public,Suburban,"Administration Building, Stony Brook, NY, 11794",Stony Brook,NY,,10560,30350,16357,17509,49,15-Jan,1320,1500,28,34,3.9,18292,15000,61,8201,25710,16314,19,36,49,51,Minority Enrollment,58,Asian,34,White,27,Hispanic,15,International,10,Black,6,Unknown,6,Two or more races,3,65,46,23899,48743,40.9257,-73.1409
0,University of Connecticut,58,Public,Rural,"2131 Hillside Road, Unit 3088, Storrs, CT, 06269",Storrs,CT,,20366,43034,21724,18983,55,15-Jan,1220,1440,28,33,,13996,20681,120,8020,27003,18319,16,53,47,53,Minority Enrollment,39,White,51,Hispanic,15,Asian,13,International,8,Black,7,Two or more races,4,Unknown,1,74,52,27408,50446,41.808,-72.251
0,Brandeis University,60,Private,Suburban,"415 South Street, Waltham, MA, 02454",Waltham,MA,62722,,,29959,3687,39,1-Jan,1340,1520,31,34,3.8,17092,54163,113,1897,5584,3671,11,60,43,57,Minority Enrollment,34,White,42,International,21,Asian,17,Hispanic,8,Black,6,Two or more races,3,Unknown,2,82,44,28061,45085,42.3567,-71.2505
0,Michigan State University,60,Public,Suburban,"426 Auditorium Road, East Lansing, MI, 48824",East Lansing,MI,,15372,41958,10925,39201,88,1-Apr,1100,1340,24,30,3.8,10990,16453,70,10822,50023,35872,17,27,48,52,Minority Enrollment,25,White,67,Asian,8,Black,7,Hispanic,6,International,6,Two or more races,4,Unknown,2,63,50,31591,47200,42.7283,-84.4882
0,North Carolina State University,60,Public,City,"Box 7001, Raleigh, NC, 27695",Raleigh,NC,,9105,31976,16239,26254,47,15-Jan,1245,1440,24,31,3.8,13719,14492,120,10446,36700,23645,16,37,51,49,Minority Enrollment,28,White,68,Asian,9,Hispanic,8,Black,6,Two or more races,5,International,3,Unknown,2,65,47,24042,48377,35.7977,-78.6253
0,The Pennsylvania State University--University Park,60,Public,Rural,"201 Old Main, University Park, PA, 16802",University Park,PA,,19835,38651,27521,41745,55,Rolling,1210,1390,26,31,3.7,12984,11045,65,7020,48765,40333,15,31,53,47,Minority Enrollment,23,White,63,International,11,Hispanic,8,Asian,7,Black,4,Two or more races,4,Unknown,2,69,53,44008,,40.7997,-77.8623
0,Rensselaer Polytechnic Institute,60,Private,Suburban,"110 Eighth Street, Troy, NY, 12180",Troy,NY,61884,,,31456,5895,65,15-Jan,1360,1520,30,34,3.9,17530,50655,113,1096,6991,5823,12,54,69,31,Minority Enrollment,41,White,43,Asian,20,International,12,Hispanic,11,Black,5,Two or more races,5,Unknown,5,71,53,41523,70951,42.7287,-73.6683
0,Santa Clara University,60,Private,City,"500 El Camino Real, Santa Clara, CA, 95053",Santa Clara,CA,59241,,,43228,6115,52,7-Jan,1290,1480,29,33,3.7,17967,42730,237,3063,9178,5989,12,44,52,48,Minority Enrollment,52,White,40,Asian,21,Hispanic,18,Two or more races,10,International,6,Black,3,Unknown,2,85,35,25193,68156,37.3498,-121.9378
0,"University of California, Merced",60,Public,Suburban,"5200 North Lake Road, Merced, CA, 95343",Merced,CA,,13000,43777,10751,8344,89,30-Nov,,,,,3.6,19341,28397,48,760,9104,8088,19,28,51,49,Minority Enrollment,85,Hispanic,55,Asian,21,White,8,Black,5,International,5,Two or more races,4,Unknown,1,44,61,15629,36737,37.3082,-120.48
0,George Washington University,67,Private,,"1918 F Street NW, Washington, DC, 20052",Washington,DC,64990,,,26272,11482,49,5-Jan,1330,1490,31,34,,16300,55370,82,14457,25939,10225,12,58,36,64,Minority Enrollment,40,White,50,Asian,14,Hispanic,13,International,9,Black,8,Two or more races,5,Unknown,2,79,44,32730,60822,38.9001,-77.0479
0,Syracuse University,67,Private,City,"Syracuse, NY, 13244",Syracuse,NY,63061,,,32516,15421,52,5-Jan,1260,1430,28,32,3.8,18444,46471,82,7277,22698,14601,15,64,46,54,Minority Enrollment,30,White,55,International,13,Hispanic,11,Black,7,Asian,7,Two or more races,4,American Indian,1,75,49,39319,47113,43.0377,-76.1396
0,University of Massachusetts--Amherst,67,Public,Suburban,"181 Presidents Drive, Amherst, MA, 01003",Amherst,MA,,17357,39293,16197,24391,64,15-Jan,1260,1480,29,33,,15437,19775,26,7838,32229,22829,18,48,49,51,Minority Enrollment,30,White,59,Asian,13,Hispanic,8,International,7,Black,5,Two or more races,4,Unknown,3,76,60,31480,48713,42.3919,-72.5248
0,University of Miami,67,Private,Suburban,"PO Box 248025, Coral Gables, FL, 33124",Coral Gables,FL,59926,,,30742,12504,19,1-Jan,1310,1480,30,33,3.8,21580,47830,82,6898,19402,11840,13,52,46,54,Minority Enrollment,42,White,47,Hispanic,24,Black,9,International,9,Asian,5,Two or more races,4,Unknown,3,74,33,20000,50273,25.7743,-80.1937
0,University of Pittsburgh,67,Public,City,"4200 Fifth Avenue, Pittsburgh, PA, 15260",Pittsburgh,PA,,21524,39890,27926,19928,49,30-Jul,1280,1470,29,33,3.9,13420,17996,36,9250,29178,19206,13,42,43,57,Minority Enrollment,31,White,63,Asian,14,Hispanic,7,Black,5,Two or more races,5,International,5,Unknown,2,69,59,38460,46261,40.4432,-79.9531
0,Villanova University,67,Private,Suburban,"800 East Lancaster Avenue, Villanova, PA, 19085",Villanova,PA,64906,,,34784,6989,23,15-Jan,1380,1500,32,34,3.9,16896,46360,188,3394,10383,6752,10,43,46,54,Minority Enrollment,28,White,68,Hispanic,11,Asian,7,Black,6,Two or more races,4,International,2,Unknown,2,88,37,38870,70513,40.0399,-75.3459
0,Binghamton University--SUNY,73,Public,,"PO Box 6000, Binghamton, NY, 13902",Binghamton,NY,,10363,28203,19307,14402,42,Rolling,1340,1510,29,34,3.9,17506,15002,137,3910,18312,14080,19,48,47,53,Minority Enrollment,39,White,55,Asian,17,Hispanic,13,Black,5,Two or more races,4,International,4,Unknown,2,75,51,25975,44075,42.1054,-75.8876
0,Indiana University--Bloomington,73,Public,City,"107 S. Indiana Avenue, Bloomington, IN, 47405",Bloomington,IN,,11790,40482,14216,35660,82,Rolling,1180,1400,27,32,3.8,12404,14736,48,11345,47005,34537,18,38,50,50,Minority Enrollment,26,White,68,Asian,9,Hispanic,8,Two or more races,5,International,5,,,Black,4,72,40,28449,45746,39.1682,-86.5186
0,Tulane University,73,Private,Urban,"6823 St. Charles Avenue, 210 Gibson Hall, New Orleans, LA, 70118",New Orleans,LA,65538,,,42217,7350,11,15-Jan,1370,1510,31,33,3.7,18088,52617,91,5242,12592,7320,8,61,39,61,Minority Enrollment,26,White,68,Hispanic,9,Black,6,Asian,6,International,6,Two or more races,5,Unknown,1,81,27,29234,41567,29.9504,-90.1236
0,Colorado School of Mines,36,Public,Suburban,"1500 Illinois Street, Golden, CO, 80401",Golden,CO,,20040,42120,25211,5733,58,15-Jan,1330,1490,30,33,3.9,16110,17211,96,1675,7408,5416,17,20,68,32,Minority Enrollment,25,White,69,Hispanic,12,Asian,6,Two or more races,6,International,3,Unknown,2,Black,1,66,54,31046,72973,39.7305,-105.1915
0,Pepperdine University,76,Private,,"24255 Pacific Coast Highway, Malibu, CA, 90263",Malibu,CA,66742,,,35167,3662,49,15-Jan,1285,1480,28,32,3.8,23270,49123,298,6368,10030,3449,13,74,42,58,Minority Enrollment,43,White,46,Hispanic,18,Asian,14,International,9,Two or more races,7,Black,4,Unknown,2,76,47,28962,49372,34.005,-118.8101
0,Stevens Institute of Technology,76,Private,City,"Castle Point on Hudson, Hoboken, NJ, 07030",Hoboken,NJ,60952,,,36674,3988,46,15-Jan,1380,1510,31,34,3.9,18650,36611,176,5244,9232,3955,11,43,68,32,Minority Enrollment,40,White,51,Asian,19,Hispanic,15,Unknown,6,Two or more races,4,International,3,Black,2,65,70,41574,77960,40.7445,-74.0329
0,University at Buffalo--SUNY,76,Public,Suburban,"3435 Main Street, Buffalo, NY, 14214",Buffalo,NY,,10781,30571,19344,20761,68,Rolling,1190,1380,25,32,3.8,16754,11976,96,11338,32099,19046,12,40,54,46,Minority Enrollment,39,White,46,Asian,18,International,13,Black,9,Hispanic,9,Unknown,4,Two or more races,3,59,56,26103,41881,42.9414,-78.8374
0,"University of California, Riverside",76,Public,City,"900 University Avenue, Riverside, CA, 92521",Riverside,CA,,13692,46266,13233,22903,69,30-Nov,,,,,3.9,18925,26821,36,3906,26809,21675,24,22,48,52,Minority Enrollment,84,Hispanic,39,Asian,37,White,11,Two or more races,5,International,4,Black,3,Unknown,1,62,55,18960,30444,33.9533,-117.3962
0,University of Delaware,76,Public,Suburban,"Newark, DE, 19716",Newark,DE,,16080,39720,18313,18883,72,15-Jan,1190,1360,26,31,3.9,14838,18549,96,4557,23440,17462,12,37,41,59,Minority Enrollment,26,White,69,Hispanic,10,Black,6,Asian,6,Two or more races,4,International,4,Unknown,2,73,60,38234,48980,39.6896,-75.7584
0,Rutgers University--Newark,82,Public,Urban,"249 University Avenue, Newark, NJ, 07102",Newark,NJ,,16586,35348,12807,7511,74,Rolling,1030,1270,21,28,,15060,17864,120,3506,11017,6328,13,42,46,54,Minority Enrollment,75,Hispanic,35,White,21,Black,20,Asian,18,Two or more races,2,International,2,Unknown,2,39,56,25436,49190,40.732,-74.1765
0,"University of California, Santa Cruz",82,Public,,"1156 High Street, Santa Cruz, CA, 95064",Santa Cruz,CA,,15288,47862,18828,17502,47,30-Nov,,,,,3.9,18785,27887,21,1976,19478,16095,23,28,50,50,Minority Enrollment,61,White,32,Hispanic,28,Asian,23,Two or more races,8,International,5,Black,2,Unknown,2,62,43,20895,35302,36.9959,-122.0578
0,University of Illinois--Chicago,82,Public,Urban,"601 S. Morgan M/C 102, Chicago, IL, 60607",Chicago,IL,,17811,32833,11329,21807,79,1-Feb,1110,1340,24,30,3.5,14400,18814,91,11940,33747,19565,18,34,47,53,Minority Enrollment,68,Hispanic,36,White,23,Asian,21,Black,8,International,7,Two or more races,3,Unknown,2,40,43,22414,43373,41.8721,-87.6578
0,Worcester Polytechnic Institute,82,Private,City,"100 Institute Road, Worcester, MA, 01609",Worcester,MA,58870,,,45005,5246,57,1-Feb,,,,,,18072,37073,185,2062,7308,5058,13,65,63,37,Minority Enrollment,28,White,65,Asian,12,Hispanic,9,International,7,Two or more races,4,Black,3,Unknown,1,82,,,77530,42.2826,-71.8277
0,Clemson University,86,Public,Rural,"105 Sikes Hall, Clemson, SC, 29634",Clemson,SC,,15558,39502,22116,22566,43,1-May,1220,1410,28,32,,12350,13352,158,5900,28466,21714,16,38,47,53,Minority Enrollment,20,White,77,Hispanic,8,Black,5,Two or more races,4,Asian,3,Unknown,2,International,1,66,46,34307,48784,34.6834,-82.8374
0,Marquette University,86,Private,Urban,"PO Box 1881, Milwaukee, WI, 53201",Milwaukee,WI,48700,,,29102,7528,87,1-Dec,1170,1360,26,31,3.6,15740,38548,178,3639,11167,7160,13,51,44,56,Minority Enrollment,30,White,67,Hispanic,16,Asian,6,Black,5,Two or more races,3,International,2,Unknown,1,66,57,36244,53133,43.0389,-87.9065
0,New Jersey Institute of Technology,86,Public,Urban,"University Heights, Newark, NJ, 07102",Newark,NJ,,18512,34972,17093,9019,66,1-Mar,1190,1450,27,33,3.8,14600,16573,74,3313,12332,7382,15,33,73,27,Minority Enrollment,61,White,32,Hispanic,26,Asian,22,Black,10,International,5,Two or more races,3,Unknown,2,48,53,28089,64152,40.732,-74.1765
0,Fordham University,89,Private,Urban,"113 W. 60th Street, New York, NY, 10023",New York,NY,61567,,,35320,10098,54,3-Jan,1320,1480,30,33,3.7,23075,41525,194,6458,16556,9613,14,52,40,60,Minority Enrollment,41,White,50,Hispanic,18,Asian,13,International,7,Black,5,Two or more races,5,Unknown,1,79,55,35123,48682,40.7764,-73.9827
0,Southern Methodist University,89,Private,Urban,"PO Box 750181, Dallas, TX, 75275",Dallas,TX,64460,,,40452,7056,52,31-Jul,1370,1510,31,34,3.7,18230,51726,137,4997,12053,6880,11,56,49,51,Minority Enrollment,33,White,61,Hispanic,15,Asian,8,Black,5,Two or more races,5,International,4,Unknown,2,75,25,38298,62462,32.7673,-96.7776
0,Temple University,89,Public,Urban,"1801 N. Broad Street, Philadelphia, PA, 19122",Philadelphia,PA,,21095,35956,23108,24106,80,1-Feb,1120,1370,24,31,3.4,13612,15393,55,9124,33230,21918,12,42,44,56,Minority Enrollment,43,White,50,Black,16,Asian,14,Hispanic,9,Two or more races,4,International,3,Unknown,3,62,74,39869,41938,39.978,-75.1459
0,University of South Florida,89,Public,Urban,"4202 E. Fowler Avenue, Tampa, FL, 33620",Tampa,FL,,6410,17324,8318,38046,44,1-Mar,1140,1330,24,29,,12622,14123,61,11547,49593,29682,22,43,43,57,Minority Enrollment,42,White,46,Hispanic,22,Black,8,Asian,8,International,8,Two or more races,4,Unknown,3,61,37,19949,39907,28.06,-82.4079
0,Auburn University,93,Public,,"202 Martin Hall, Auburn, AL, 36849",Auburn,AL,,12536,33944,23258,25379,44,1-Feb,1240,1390,25,31,,15396,13939,161,6385,31764,22946,20,36,50,50,Minority Enrollment,14,White,83,Black,4,Hispanic,4,Asian,3,Two or more races,3,,,International,3,56,38,31893,47372,32.6024,-85.4873
0,Baylor University,93,Private,,"1 Bear Place, Waco, TX, 76798",Waco,TX,54844,,,37248,15213,46,1-Feb,1230,1410,28,33,,15318,32888,132,5496,20709,14885,15,49,40,60,Minority Enrollment,35,White,61,Hispanic,16,Asian,9,Black,5,Two or more races,5,International,3,Unknown,1,68,48,46992,46390,31.547,-97.1203
0,Gonzaga University,93,Private,Urban,"502 E. Boone Avenue, Spokane, WA, 99258",Spokane,WA,53500,,,30828,5084,70,1-Feb,1210,1410,26,31,3.7,15080,40934,313,2169,7253,4957,12,42,46,54,Minority Enrollment,29,White,65,Hispanic,13,Two or more races,8,Asian,7,International,4,Unknown,3,Black,1,80,50,28601,50138,47.6536,-117.4317
0,Loyola Marymount University,93,Private,Suburban,"1 LMU Drive, Los Angeles, CA, 90045",Los Angeles,CA,58489,,,34580,7299,41,15-Jan,1300,1460,29,32,3.9,19287,35171,290,2866,10165,6992,11,58,47,53,Minority Enrollment,49,White,41,Hispanic,24,Asian,10,International,10,Two or more races,8,,,Black,7,74,43,32828,42486,33.9631,-118.3941
0,University of Iowa,93,Public,City,"107 Calvin Hall, Iowa City, IA, 52242",Iowa City,IA,,10964,32927,19443,21973,86,1-May,1130,1340,22,28,3.8,12616,14259,82,8042,30015,19951,16,51,44,56,Minority Enrollment,21,White,75,Hispanic,9,Asian,5,Two or more races,4,Black,3,Unknown,3,International,2,55,49,31771,44564,41.6627,-91.5477
0,Drexel University,98,Private,,"3141 Chestnut Street, Philadelphia, PA, 19104",Philadelphia,PA,60663,,,23167,12482,80,15-Jan,1230,1430,27,32,3.8,17550,47219,70,8363,20845,11201,9,55,50,50,Minority Enrollment,43,White,44,Asian,23,International,9,Black,8,Hispanic,8,Two or more races,4,Unknown,2,31,65,34140,65794,39.9597,-75.2024
0,Illinois Institute of Technology,98,Private,Urban,"10 West 35th Street, Chicago, IL, 60616",Chicago,IL,51763,,,22166,3125,61,1-Aug,1220,1410,28,32,,16528,49801,151,3818,6943,2703,13,49,68,32,Minority Enrollment,47,White,36,Hispanic,21,Asian,17,International,15,Black,5,Two or more races,4,Unknown,2,38,53,31572,63728,41.8426,-87.6306
0,Rochester Institute of Technology,98,Private,,"1 Lomb Memorial Drive, Rochester, NY, 14623",Rochester,NY,57016,,,30765,13940,67,Rolling,1270,1450,29,33,3.7,15516,55069,151,2675,16615,12798,13,48,66,34,Minority Enrollment,31,White,62,Asian,12,Hispanic,9,Black,5,Two or more races,5,International,4,Unknown,2,29,72,38111,60248,43.0834,-77.6344
0,Rutgers University--Camden,98,Public,Urban,"406 Penn Street, Camden, NJ, 08102",Camden,NJ,,17079,35841,12755,4185,77,Rolling,1030,1280,25,30,,13389,19553,265,1781,5966,3484,13,54,39,61,Minority Enrollment,57,White,39,Hispanic,22,Black,19,Asian,12,Two or more races,4,International,2,Unknown,2,45,57,27552,49190,39.9512,-75.1186
0,Texas Christian University,98,Private,Suburban,"2800 S. University Drive, Fort Worth, TX, 76129",Fort Worth,TX,57220,,,39155,10523,56,1-Feb,1140,1360,26,31,3.7,14800,42805,225,1750,12273,10326,14,39,38,62,Minority Enrollment,27,White,66,Hispanic,17,International,5,Black,4,Two or more races,4,Asian,2,Unknown,2,73,33,44580,51829,32.7714,-97.2915
0,University of Oregon,98,Public,City,"1226 University of Oregon, Eugene, OR, 97403",Eugene,OR,,14751,41194,18699,19565,86,15-Jan,1140,1370,24,30,3.8,15840,13059,48,3598,23163,18128,19,38,45,55,Minority Enrollment,34,White,62,Hispanic,15,Two or more races,9,Asian,7,Black,3,International,2,Unknown,1,61,42,24823,33326,44.0385,-123.0614
0,University of San Diego,98,Private,Urban,"5998 Alcala Park, San Diego, CA, 92110",San Diego,CA,56444,,,28071,5669,53,1-Dec,,,,,3.9,18084,48496,259,3146,8815,5457,12,44,44,56,Minority Enrollment,44,White,47,Hispanic,24,Asian,8,Two or more races,8,International,6,Black,4,Unknown,3,71,51,25208,51132,32.7635,-117.2028
0,American University,105,Private,Urban,"4400 Massachusetts Avenue NW, Washington, DC, 20016",Washington,DC,56544,,,28037,7917,41,15-Jan,1290,1435,29,33,,17012,41533,197,5968,13885,7411,11,61,36,64,Minority Enrollment,32,White,56,Hispanic,12,International,9,Black,8,Asian,7,Two or more races,5,Unknown,3,74,53,31794,47279,38.9381,-77.086
0,Arizona State University,105,Public,Urban,"PO Box 871004, Tempe, AZ, 85287",Tempe,AZ,,12051,32193,12814,65492,90,Rolling,1120,1370,19,27,3.5,16091,16985,70,14573,80065,59765,19,40,51,49,Minority Enrollment,45,White,45,Hispanic,26,Asian,9,International,7,Two or more races,5,Black,4,American Indian,1,54,41,23515,44456,33.4285,-111.9349
0,California State University--Long Beach,105,Public,,"1250 Bellflower Boulevard, Long Beach, CA, 90840",Long Beach,CA,,6904,17200,8338,32711,40,30-Nov,,,,,3.7,15612,16118,219,5562,38273,27521,28,26,42,58,Minority Enrollment,77,Hispanic,48,Asian,21,White,15,International,5,Black,4,Two or more races,4,Unknown,2,38,38,16928,36398,33.7843,-118.1157
0,CUNY--City College,105,Public,Urban,"160 Convent Avenue, New York, NY, 10031",New York,NY,,7340,19010,2061,11929,62,Rolling,,,,,3.4,17188,5646,151,2190,14119,9419,13,36,47,53,Minority Enrollment,83,Hispanic,39,Asian,26,Black,15,White,12,International,5,,,Two or more races,3,22,12,17106,40263,40.8246,-73.9507
0,George Mason University,105,Public,,"4400 University Drive, Fairfax, VA, 22030",Fairfax,VA,,13812,37976,18581,27014,90,1-Feb,1140,1350,25,31,3.7,15151,19151,113,12035,39049,21366,16,35,51,49,Minority Enrollment,57,White,34,Asian,23,Hispanic,17,Black,12,Two or more races,5,International,5,Unknown,3,49,53,31190,51415,38.8458,-77.3242
0,Saint Louis University,105,Private,,"One North Grand Boulevard, St. Louis, MO, 63103",St. Louis,MO,53244,,,27544,7426,85,Rolling,1210,1400,26,31,3.9,14570,45377,91,5093,12519,6679,9,,40,60,Minority Enrollment,35,White,60,Asian,14,Black,8,Hispanic,8,Two or more races,5,International,4,Unknown,1,73,57,32529,51522,38.6332,-90.2164
0,San Diego State University,105,Public,Urban,"5500 Campanile Drive, San Diego, CA, 92182",San Diego,CA,,8290,20170,6488,31724,39,30-Nov,,,,,3.9,21630,15094,91,4913,36637,28324,24,31,43,57,Minority Enrollment,59,Hispanic,35,White,34,Asian,13,Two or more races,7,Black,4,International,3,Unknown,3,54,35,21212,39644,32.7751,-117.0762
0,University of Colorado Boulder,105,Public,City,"Regent Administration Center, Room 125, 552 UCB, Boulder, CO, 80309",Boulder,CO,,13622,41966,21771,31103,79,15-Jan,1160,1390,26,31,3.7,16950,19404,33,7119,38222,28686,18,41,54,46,Minority Enrollment,28,White,68,Hispanic,13,Two or more races,7,Asian,6,International,3,Black,2,Unknown,1,57,36,29179,45796,40.015,-105.2705
0,"University of Tennessee, Knoxville",105,Public,City,"527 Andy Holt Tower, Knoxville, TN, 37996",Knoxville,TN,,13244,31434,18853,27039,68,Rolling,1170,1330,25,31,3.7,12780,13825,41,6766,33805,25798,18,28,46,54,Minority Enrollment,20,White,79,Hispanic,6,Black,5,Two or more races,5,Asian,4,International,1,Unknown,1,54,51,26811,42205,35.9901,-83.9622
0,Yeshiva University,105,Private,Urban,"500 W. 185th Street, New York, NY, 10033",New York,NY,49900,,,46632,2207,63,1-Feb,1250,1500,26,33,3.5,15000,52688,12,3190,5397,2089,7,66,56,44,Minority Enrollment,1,White,59,Unknown,30,International,8,,,,,,,Hispanic,1,77,35,19812,57173,40.8496,-73.9356
0,Brigham Young University,115,Private,City,"A-209 ASB, Provo, UT, 84602",Provo,UT,6496,,,13522,31401,67,15-Dec,1280,1468,27,32,3.9,9720,7643,158,3053,34454,28250,21,48,48,52,Minority Enrollment,15,White,81,Hispanic,8,Two or more races,4,International,3,Asian,2,Pacific Islander,1,Unknown,1,26,20,15049,47060,40.3563,-111.7325
0,Howard University,115,Private,Urban,"2400 Sixth Street NW, Washington, DC, 20059",Washington,DC,33344,,,45837,9809,53,15-Feb,1050,1290,20,26,3.7,16474,24499,196,3077,12886,9022,14,46,28,72,Minority Enrollment,80,Black,65,Unknown,15,Hispanic,6,Two or more races,5,International,4,Asian,3,American Indian,1,61,53,29646,38139,38.8933,-77.0146
0,Iowa State University of Science and Technology,115,Public,,"100 Enrollment Services Center, Ames, IA, 50011",Ames,IA,,10133,26617,15351,25241,90,Rolling,1090,1350,21,28,3.7,9358,13993,113,4728,29969,23931,19,32,56,44,Minority Enrollment,90,Hispanic,77,Asian,7,White,4,Black,3,American Indian,3,International,3,Unknown,2,52,57,29454,47452,42.036,-93.4652
0,SUNY College of Environmental Science and Forestry,115,Public,City,"1 Forestry Drive, Syracuse, NY, 13210",Syracuse,NY,,9206,21036,21248,1621,70,1-Feb,,,,,3.7,17780,13171,231,355,1976,1271,12,64,50,50,Minority Enrollment,18,White,78,Hispanic,8,Two or more races,4,Black,3,Asian,3,Unknown,3,International,2,68,61,22862,,43.0354,-76.1282
0,University of Arizona,115,Public,City,"PO Box 210066, Tucson, AZ, 85721",Tucson,AZ,,12937,37355,15601,40407,87,1-May,1140,1370,21,29,3.5,13650,19678,70,10727,51134,30293,18,34,45,55,Minority Enrollment,42,White,48,Hispanic,27,Asian,5,Two or more races,5,International,5,Black,4,American Indian,1,54,41,25078,41742,32.2338,-110.95
0,University of New Hampshire,115,Public,Suburban,"105 Main Street, Durham, NH, 03824",Durham,NH,,19112,38882,21699,11480,87,1-Feb,1120,1320,26,31,3.6,12992,21418,96,2466,13946,11180,16,38,44,56,Minority Enrollment,10,White,85,Hispanic,4,Asian,3,Unknown,3,Two or more races,2,Black,1,International,1,70,74,44341,44656,43.1174,-70.9197
0,University of San Francisco,115,Private,Urban,"2130 Fulton St., San Francisco, CA, 94117",San Francisco,CA,58222,,,37768,6018,71,15-Jan,1210,1410,27,31,3.7,19536,42684,251,3670,9688,5793,13,44,35,65,Minority Enrollment,65,Asian,26,White,24,Hispanic,21,Two or more races,10,International,10,,,Black,8,67,53,34000,56615,37.7712,-122.4413
0,The University of Texas at Dallas,115,Public,Suburban,"800 W. Campbell Road, Richardson, TX, 75080",Richardson,TX,,16412,44812,17033,21617,85,1-Jun,1170,1430,24,32,,12142,15978,55,9953,31570,17734,25,21,56,44,Minority Enrollment,68,Asian,41,White,24,Hispanic,18,Black,5,Two or more races,4,International,4,Unknown,3,56,29,23403,48807,32.966,-96.7452
0,University of Utah,115,Public,Urban,"201 S. Presidents Circle, Salt Lake City, UT, 84112",Salt Lake City,UT,,10287,33045,12867,26355,89,1-Apr,1190,1390,22,29,3.7,12398,14795,65,8379,34734,21189,18,45,52,48,Minority Enrollment,29,White,63,Hispanic,14,Asian,8,Two or more races,6,International,6,Black,1,Unknown,1,35,33,20236,47858,40.7659,-111.8403
0,Creighton University,124,Private,Urban,"2500 California Plaza, Omaha, NE, 68178",Omaha,NE,47000,,,30807,4290,76,Rolling,1208,1420,24,31,3.9,12790,35636,210,4107,8397,4172,12,48,42,58,Minority Enrollment,26,White,70,Hispanic,10,Asian,8,Two or more races,6,Black,2,International,2,Unknown,1,72,52,28723,55037,41.2657,-95.9477
0,Fairfield University,124,Private,Suburban,"1073 N. Benson Road, Fairfield, CT, 06824",Fairfield,CT,56360,,,43569,4757,52,15-Jan,1240,1370,28,31,3.8,17500,36322,298,1262,6019,4655,12,42,42,58,Minority Enrollment,12,White,81,Hispanic,7,Unknown,5,Asian,2,Two or more races,2,International,2,Black,1,82,59,41297,57979,41.1692,-73.2681
0,Florida International University,124,Public,,"University Park, Miami, FL, 33199",Miami,FL,,6566,18964,6232,45442,64,,1060,1250,21,26,3.9,11600,10830,132,10245,55687,25222,21,37,44,56,Minority Enrollment,84,Hispanic,67,Black,12,White,9,International,7,Asian,3,,,Two or more races,2,48,28,18139,38857,25.7743,-80.1937
0,James Madison University,124,Public,Rural,"800 S. Main Street, Harrisonburg, VA, 22807",Harrisonburg,VA,,13576,30790,22431,20346,78,15-Jan,1140,1320,23,29,,12584,11956,246,1878,22224,18918,16,38,43,57,Minority Enrollment,23,White,75,Hispanic,8,Asian,6,Black,5,Two or more races,4,Unknown,2,International,1,78,49,31333,44943,38.4409,-78.8742
0,University of Central Florida,124,Public,Urban,"4000 Central Florida Boulevard, Orlando, FL, 32816",Orlando,FL,,6368,22467,9217,58749,41,1-May,1200,1360,25,29,3.9,10000,12277,137,9693,68442,40967,29,30,45,55,Minority Enrollment,52,White,44,Hispanic,30,Black,10,Asian,7,Two or more races,5,International,3,Unknown,1,48,39,21727,39293,28.5663,-81.2608
0,University of Denver,124,Private,Urban,"2199 S. University Boulevard, Denver, CO, 80208",Denver,CO,59340,,,32618,6160,78,15-Jan,1220,1400,28,32,3.8,17049,47844,180,7583,13743,5660,8,56,44,56,Minority Enrollment,26,White,69,Hispanic,13,Two or more races,6,Asian,4,Black,3,International,3,Unknown,2,70,44,31313,46454,39.7392,-104.9847
0,University of Missouri,124,Public,City,"105 Jesse Hall, Columbia, MO, 65211",Columbia,MO,,14122,34322,17899,23752,79,Rolling,1140,1340,23,30,,11565,14145,145,7566,31318,21953,18,44,46,54,Minority Enrollment,19,White,79,Hispanic,6,Black,5,Two or more races,5,Asian,3,International,1,Unknown,1,55,51,26732,44512,38.9517,-92.3341
0,University of Oklahoma,124,Public,,"660 Parrington Oval, Norman, OK, 73019",Norman,OK,,9312,25880,19867,21294,73,1-Feb,1130,1330,23,29,3.7,12200,16326,61,7026,28320,18453,16,47,49,51,Minority Enrollment,38,White,58,Hispanic,13,Two or more races,10,Asian,7,Black,5,American Indian,3,Unknown,1,53,45,32312,50099,35.2086,-97.4445
0,University of South Carolina,124,Public,,"Columbia, SC, 29208",Columbia,SC,,12688,33928,20796,27343,64,1-Dec,1180,1380,27,32,3.6,11780,16279,107,8310,35653,25960,18,42,44,56,Minority Enrollment,23,White,74,Black,9,Hispanic,6,Asian,4,Two or more races,4,International,2,Unknown,1,69,53,31695,41702,34.0007,-81.0348
0,California State University--Fullerton,133,Public,,"800 N. State College Boulevard, Fullerton, CA, 92831",Fullerton,CA,,7074,18954,4211,35239,67,30-Nov,910,1190,18,27,3.7,18348,11739,200,5147,40386,27731,24,25,42,58,Minority Enrollment,80,Hispanic,52,Asian,22,White,15,Two or more races,4,Black,2,International,2,Unknown,2,33,77,6820,37032,33.8873,-117.8946
0,Chapman University,133,Private,Suburban,"1 University Drive, Orange, CA, 92866",Orange,CA,62784,,,39047,7869,73,15-Jan,1200,1400,26,31,,17378,45418,222,2145,10014,7327,13,47,40,60,Minority Enrollment,45,White,49,Hispanic,18,Asian,16,Two or more races,9,International,3,Black,2,Unknown,2,76,46,27011,38766,33.7877,-117.8423
0,Elon University,133,Private,,"2700 Campus Box, Elon, NC, 27244",Elon,NC,44536,,,39437,6337,74,10-Jan,1170,1360,25,30,3.9,14478,24165,290,786,7123,6144,11,51,41,59,Minority Enrollment,17,White,79,Black,6,Hispanic,6,Two or more races,3,Asian,2,International,2,Unknown,1,79,39,33774,44168,36.1029,-79.5067
0,Miami University--Oxford,133,Public,,"501 E. High Street, Oxford, OH, 45056",Oxford,OH,,17055,38127,24592,16865,88,1-Feb,1160,1370,24,29,3.9,15558,17765,188,2243,19108,16403,15,,48,52,Minority Enrollment,15,White,80,Hispanic,5,International,5,Two or more races,4,Black,3,Asian,3,Unknown,1,73,43,29434,46060,39.507,-84.7452
0,University at Albany--SUNY,133,Public,Suburban,"1400 Washington Avenue, Albany, NY, 12222",Albany,NY,,10408,28998,17568,12264,68,1-Jul,1120,1320,22,31,3.8,16182,13219,82,4394,16658,11535,17,31,46,54,Minority Enrollment,54,White,41,Black,22,Hispanic,19,Asian,9,Two or more races,4,International,3,Unknown,1,58,66,26652,37279,42.6853,-73.8253
0,University of Dayton,133,Private,City,"300 College Park, Dayton, OH, 45469",Dayton,OH,47600,,,27407,8416,74,1-Mar,1150,1360,23,30,3.8,15640,37008,216,3258,11674,8090,15,40,52,48,Minority Enrollment,17,White,79,Hispanic,7,Black,5,Two or more races,3,International,3,Asian,2,Unknown,1,66,60,31776,49256,39.7405,-84.1789
0,University of Houston,133,Public,Urban,"4800 Calhoun Road, Houston, TX, 77204",Houston,TX,,11870,27110,13798,37943,66,31-May,1160,1330,23,29,3.5,10418,14967,132,8757,46700,27090,21,34,48,52,Minority Enrollment,75,Hispanic,37,Asian,24,White,18,Black,11,International,5,Two or more races,3,Unknown,1,39,43,21553,45815,29.834,-95.4342
0,"University of Maryland, Baltimore County",133,Public,,"1000 Hilltop Circle, Baltimore, MD, 21250",Baltimore,MD,,12952,30308,9262,10625,81,1-Feb,1210,1400,23,29,3.9,14204,14220,145,3366,13991,9069,18,40,53,47,Minority Enrollment,61,White,32,Black,23,Asian,23,Hispanic,9,Two or more races,6,International,5,Unknown,1,47,41,23810,44729,39.2582,-76.7131
0,University of Vermont,133,Public,,"194 S. Prospect Street, Burlington, VT, 05405",Burlington,VT,,18890,43890,18814,11898,60,15-Jan,1260,1430,28,32,3.8,13324,30253,55,2190,14088,11061,19,41,36,64,Minority Enrollment,13,White,84,Hispanic,5,Two or more races,4,Asian,3,Unknown,3,Black,1,International,1,65,55,36274,38345,44.4421,-73.0825
0,Clarkson University,142,Private,Rural,"8 Clarkson Avenue, Potsdam, NY, 13699",Potsdam,NY,57950,,,31339,2668,78,15-Jan,1190,1370,25,30,3.8,17792,44397,222,1051,3719,2577,12,58,69,31,Minority Enrollment,15,White,80,Hispanic,6,Black,3,Asian,3,Two or more races,3,International,3,Unknown,1,64,79,28000,68239,44.6698,-74.9813
0,Clark University,142,Private,Urban,"950 Main Street, Worcester, MA, 01610",Worcester,MA,55187,,,28102,2389,50,15-Jan,1250,1430,28,33,3.7,11690,43273,237,1412,3801,2350,9,64,42,58,Minority Enrollment,26,White,63,Hispanic,10,Asian,7,International,7,Black,5,Unknown,5,Two or more races,4,72,66,38035,37538,42.2492,-71.8108
0,Loyola University Chicago,142,Private,Urban,"1032 W. Sheridan Road, Chicago, IL, 60660",Chicago,IL,51706,,,27330,11703,79,Rolling,1190,1370,27,32,3.8,16320,41181,145,5196,16899,11145,13,40,31,69,Minority Enrollment,45,White,51,Hispanic,21,Asian,13,Black,6,Two or more races,5,International,3,Unknown,1,67,61,35489,47083,41.9909,-87.6629
0,Oregon State University,142,Public,,"104 Kerr Administration Building, Corvallis, OR, 97331",Corvallis,OR,,13494,35664,18010,28905,83,1-Sep,1130,1380,22,30,3.6,16080,15274,96,5387,34292,19697,19,28,51,49,Minority Enrollment,31,White,63,Hispanic,12,Asian,9,Two or more races,7,International,4,Black,2,American Indian,1,46,50,26049,43364,44.5638,-123.2779
0,Thomas Jefferson University,142,Private,,"1020 Walnut Street, Philadelphia, PA, 19107",Philadelphia,PA,45733,,,22018,3771,87,31-Jul,1120,1330,26,31,3.7,15156,37553,96,4515,8286,3328,12,60,26,74,Minority Enrollment,46,White,49,Asian,15,Black,14,Hispanic,12,Two or more races,5,International,2,Unknown,2,54,93,38942,65464,39.9487,-75.1593
0,University of Alabama at Birmingham,142,Public,Urban,"1720 2nd Ave S., Birmingham, AL, 35294",Birmingham,AL,,11040,26520,16585,13032,87,Rolling,1200,1410,23,30,3.8,14330,7167,36,8607,21639,10239,19,46,37,63,Minority Enrollment,45,White,51,Black,25,Asian,8,Hispanic,7,Two or more races,5,International,2,Unknown,1,44,58,31798,45270,33.5446,-86.9292
0,University of Cincinnati,142,Public,Urban,"PO Box 210063, Cincinnati, OH, 45221",Cincinnati,OH,,13530,27140,22114,29989,86,1-Mar,1160,1360,24,29,3.7,12926,9606,55,11512,41501,25164,18,32,49,51,Minority Enrollment,21,White,71,Black,8,Asian,5,International,5,Hispanic,4,Two or more races,4,Unknown,2,38,,,50244,39.1668,-84.5382
0,University of the Pacific,142,Private,City,"3601 Pacific Avenue, Stockton, CA, 95211",Stockton,CA,55340,,,17874,3294,93,15-Jan,1120,1423,25,33,3.6,16688,45352,265,2983,6277,3169,14,45,46,54,Minority Enrollment,72,Asian,36,Hispanic,26,White,18,International,8,Two or more races,5,Black,4,Pacific Islander,1,47,55,25840,48377,37.9809,-121.311
0,Virginia Commonwealth University,142,Public,,"Box 842527, Richmond, VA, 23284",Richmond,VA,,16353,38247,18904,20958,91,Rolling,1030,1290,22,30,3.7,13283,18546,74,7124,28082,18191,16,49,37,63,Minority Enrollment,54,White,41,Black,21,Asian,14,Hispanic,11,Two or more races,8,International,2,Unknown,2,44,61,31085,38339,37.5494,-77.4512
0,Colorado State University,151,Public,City,"1062 Campus Delivery, Fort Collins, CO, 80523",Fort Collins,CO,,12896,33752,19016,26062,91,1-Jul,1070,1290,23,29,3.7,15606,11764,74,7299,33361,22499,17,35,45,55,Minority Enrollment,27,White,71,Hispanic,16,Two or more races,5,Asian,3,Black,2,International,2,Unknown,1,48,48,27363,40534,40.5853,-105.0844
0,DePaul University,151,Private,Urban,"1 E. Jackson Boulevard, Chicago, IL, 60604",Chicago,IL,44460,,,29537,14134,70,1-Feb,1070,1300,24,30,3.8,18468,32477,225,6783,20917,12857,17,43,45,55,Minority Enrollment,46,White,48,Hispanic,23,Asian,12,Black,7,Two or more races,4,International,3,Unknown,2,58,63,28754,45025,41.8785,-87.633
0,Duquesne University,151,Private,Urban,"600 Forbes Avenue, Pittsburgh, PA, 15282",Pittsburgh,PA,47146,,,33823,5095,87,15-Aug,1160,1330,25,31,3.9,15620,36611,243,3012,8107,5016,13,45,37,63,Minority Enrollment,92,Hispanic,80,Black,5,Asian,5,White,4,International,3,American Indian,2,Unknown,1,68,71,51598,53106,40.4406,-79.9959
0,Michigan Technological University,151,Public,Rural,"1400 Townsend Drive, Houghton, MI, 49931",Houghton,MI,,18392,41340,15864,5710,86,Rolling,1130,1350,24,30,3.8,12774,22550,151,1364,7074,5413,13,48,70,30,Minority Enrollment,10,White,85,Two or more races,4,Unknown,4,Hispanic,3,Asian,2,Black,1,International,1,33,66,36513,66615,47.1158,-88.558
0,Seton Hall University,151,Private,Suburban,"400 S. Orange Avenue, South Orange, NJ, 07079",South Orange,NJ,51370,,,32484,6012,75,Rolling,1230,1390,28,31,3.7,17350,,276,3611,9623,5734,14,47,45,55,Minority Enrollment,48,White,47,Hispanic,23,Asian,11,Black,10,Two or more races,4,Unknown,2,International,1,66,61,41804,48470,40.7465,-74.2575
0,Simmons University,151,Private,,"300 The Fenway, Boston, MA, 02115",Boston,MA,45538,,,18046,1789,76,1-Nov,1200,1390,28,32,3.8,17104,40450,233,3916,5705,1588,7,72,0,100,Minority Enrollment,39,White,52,Hispanic,15,Asian,12,Black,9,Unknown,7,Two or more races,3,International,2,59,69,36358,49907,42.3427,-71.0922
0,University of Kansas,151,Public,City,"1450 Jayhawk Blvd, Lawrence, KS, 66045",Lawrence,KS,,11167,28035,18709,19241,88,19-Aug,1090,1340,21,28,3.7,,18389,120,7467,26708,16729,17,49,46,54,Minority Enrollment,26,White,69,Hispanic,10,Asian,6,Two or more races,6,Black,4,,,International,4,53,50,28493,44363,38.959,-95.2499
0,University of Rhode Island,151,Public,Rural,"Kingston, RI, 02881",Kingston,RI,,16408,35804,19925,13927,76,1-Feb,1050,1270,25,30,3.6,14130,16891,82,2705,16632,12892,17,39,43,57,Minority Enrollment,23,White,74,Hispanic,11,Black,5,Two or more races,4,Asian,3,Unknown,2,International,1,57,73,39450,45694,41.4803,-71.5292
0,Stockton University,159,Public,Suburban,"101 Vera King Farris Drive, Galloway, NJ, 08205",Galloway,NJ,,15532,23420,18724,8138,86,1-Sep,1050,1250,18,25,3.6,14653,15969,330,942,9080,7747,16,37,39,61,Minority Enrollment,40,White,58,Hispanic,19,Black,10,Asian,7,Two or more races,4,,,Unknown,1,62,76,33010,34341,39.4745,-74.4575
0,University of Kentucky,159,Public,City,"101 Main Building, Lexington, KY, 40506",Lexington,KY,,13212,33406,18268,22735,95,15-Feb,1070,1290,21,28,3.6,15474,17638,132,8812,31547,20744,17,37,42,58,Minority Enrollment,21,White,76,Black,7,Hispanic,6,Asian,4,Two or more races,4,International,2,Unknown,2,52,49,33788,41289,38.0287,-84.5075
0,University of Massachusetts--Lowell,159,Public,City,"1 University Avenue, Lowell, MA, 01854",Lowell,MA,,16570,35396,14071,12391,86,1-Jun,1170,1360,25,31,3.7,14620,19613,171,4944,17335,9623,17,49,58,42,Minority Enrollment,39,White,54,Asian,14,Hispanic,14,Black,8,Unknown,4,Two or more races,3,International,3,49,74,31528,53918,42.6493,-71.3355
0,University of Nebraska -- Lincoln,159,Public,Urban,"14th and R Streets, Lincoln, NE, 68588",Lincoln,NE,,10108,27748,16764,19189,79,1-May,1110,1340,22,28,3.6,13856,16278,96,4616,23805,18170,16,35,50,50,Minority Enrollment,20,White,76,Hispanic,9,Asian,4,Two or more races,4,International,4,Black,3,Unknown,1,46,54,24811,42368,40.8206,-96.6928
0,Adelphi University,163,Private,Suburban,"1 South Avenue, Garden City, NY, 11530",Garden City,NY,47290,,,28993,5055,73,Rolling,1110,1310,22,29,3.7,18050,33936,283,2197,7252,4769,12,47,32,68,Minority Enrollment,45,White,44,Hispanic,20,Asian,13,Black,9,International,5,Unknown,5,Two or more races,3,58,55,19670,61981,40.7245,-73.6487
0,Montclair State University,163,Public,Suburban,"1 Normal Avenue, Montclair, NJ, 07043",Montclair,NJ,,14767,22470,13705,17290,91,1-Mar,950,1200,,,3.3,16170,117616,216,4494,21784,15388,17,36,40,60,Minority Enrollment,59,White,37,Hispanic,36,Black,13,Asian,7,Two or more races,3,Unknown,3,International,1,46,68,39742,36026,40.843,-74.2011
0,Rowan University,163,Public,Suburban,"201 Mullica Hill Road, Glassboro, NJ, 08028",Glassboro,NJ,,15700,25564,22978,15264,77,15-Jul,1090,1300,23,31,3.4,14390,13840,192,4304,19568,13202,16,49,51,49,Minority Enrollment,34,White,64,Hispanic,13,Black,11,Asian,6,Two or more races,4,International,2,Unknown,1,49,67,35245,39206,39.7068,-75.1172
0,Seattle University,163,Private,Urban,"901 12th Avenue, Seattle, WA, 98122",Seattle,WA,54285,,,35518,4099,85,31-Jul,1190,1390,24,30,3.6,14748,45549,287,3008,7107,3918,11,69,39,61,Minority Enrollment,55,White,34,Asian,25,Hispanic,15,Two or more races,9,International,9,Black,5,Unknown,1,68,74,24995,51644,47.6116,-122.3056
0,St. John's University (NY),163,Private,Urban,"8000 Utopia Parkway, Queens, NY, 11439",Queens,NY,50110,,,23286,15652,85,Rolling,1110,1310,24,29,,19926,35079,237,4011,19663,9850,15,35,44,56,Minority Enrollment,56,White,39,Hispanic,22,Asian,16,Black,14,Two or more races,4,International,3,Unknown,1,55,54,29617,44550,40.722,-73.7908
0,University of Mississippi,163,Public,Rural,"PO Box 1848, University, MS, 38677",University,MS,,9412,26980,12454,17302,97,Rolling,1030,1220,22,29,3.6,12040,15503,65,4998,22300,16149,16,53,43,57,Minority Enrollment,20,White,78,Black,11,Hispanic,5,Asian,2,Two or more races,2,,,International,1,54,47,33582,44413,34.3659,-89.5254
0,University of St. Thomas (MN),163,Private,,"2115 Summit Avenue, St. Paul, MN, 55105",St. Paul,MN,52284,,,28142,5942,78,Rolling,1120,1350,21,28,3.7,13764,39104,276,3119,9061,5743,13,39,51,49,Minority Enrollment,23,White,69,Hispanic,8,Black,6,Asian,5,Two or more races,4,International,4,Unknown,4,70,60,42984,53323,44.9347,-93.1651
0,California State University--San Bernardino,170,Public,,"5500 University Parkway, San Bernardino, CA, 92407",San Bernardino,CA,,7679,14311,2232,16813,91,Rolling,,,17,22,3.4,13500,11350,276,2654,19467,13366,23,31,38,62,Minority Enrollment,82,Hispanic,69,White,10,Asian,6,Black,5,International,5,Unknown,3,Two or more races,2,25,37,18229,31098,34.2166,-117.3908
0,Florida A&M University,170,Public,Urban,"Lee Hall, Suite 400, Tallahassee, FL, 32307",Tallahassee,FL,,5785,17725,12479,7709,33,1-May,1040,1170,20,24,3.7,11644,13476,225,1506,9215,6612,15,35,34,66,Minority Enrollment,97,Black,90,Hispanic,5,White,3,,,,,,,Two or more races,2,35,80,23431,31695,30.4257,-84.2877
0,Kansas State University,170,Public,City,"Anderson Hall, Manhattan, KS, 66506",Manhattan,KS,,10942,27816,18902,15046,95,Rolling,,,20,27,3.8,10800,15133,145,4676,19722,13415,18,48,50,50,Minority Enrollment,17,White,80,Hispanic,8,Two or more races,4,Black,3,Asian,2,International,2,Unknown,1,47,51,25521,44456,39.196,-96.5839
0,Mercer University,170,Private,City,"1501 Mercer University Drive, Macon, GA, 31207",Macon,GA,40890,,,20884,4859,75,1-Jul,1190,1360,26,31,3.9,14528,38670,265,4030,8889,4107,13,54,35,65,Minority Enrollment,52,White,44,Black,32,Asian,8,Hispanic,8,Two or more races,4,International,2,Unknown,2,67,59,32246,46646,32.8304,-83.6486
0,Quinnipiac University,170,Private,Suburban,"275 Mount Carmel Avenue, Hamden, CT, 06518",Hamden,CT,53090,,,36964,6073,84,1-Feb,1120,1300,24,29,3.5,16470,34277,290,2715,8788,5846,11,51,39,61,Minority Enrollment,22,White,74,Hispanic,11,Black,4,Asian,4,Two or more races,3,International,2,Unknown,2,73,,,51885,41.4097,-72.911
0,The University of Alabama,170,Public,Suburban,"Box 870100, Tuscaloosa, AL, 35487",Tuscaloosa,AL,,11900,33200,21534,32458,80,Rolling,1130,1410,23,31,3.8,13316,16577,120,6186,38644,28886,19,51,44,56,Minority Enrollment,21,White,73,Black,11,Hispanic,6,Unknown,4,Two or more races,3,Asian,1,International,1,55,48,38602,44620,33.3072,-87.5859
0,University of Hawaii at Manoa,170,Public,Urban,"2500 Campus Road, Honolulu, HI, 96822",Honolulu,HI,,12186,34218,13430,14198,73,Rolling,1070,1290,18,24,3.7,11235,16262,96,4876,19074,11329,14,40,40,60,Minority Enrollment,72,Asian,35,White,24,Pacific Islander,16,Two or more races,16,International,3,Black,2,Unknown,1,37,42,23479,39900,21.3117,-157.8298
0,University of La Verne,170,Private,,"1950 Third Street, La Verne, CA, 91750",La Verne,CA,48300,,,21605,2414,75,Rolling,970,1303,18,25,3.5,15450,39817,317,1757,4171,2356,12,79,39,61,Minority Enrollment,78,Hispanic,61,White,17,Black,7,Asian,5,Two or more races,4,International,3,Pacific Islander,1,53,74,28656,37452,34.1159,-117.7708
0,The Catholic University of America,178,Private,,"620 Michigan Avenue NE, Washington, DC, 20064",Washington,DC,55834,,,33452,3011,86,15-Jan,1110,1340,22,29,3.5,18610,46321,204,1957,4968,2786,9,68,43,57,Minority Enrollment,31,White,63,Hispanic,16,Black,8,Two or more races,4,Asian,3,International,3,Unknown,3,73,60,44086,52879,38.9332,-76.9963
0,Drake University,178,Private,City,"2507 University Ave., Des Moines, IA, 50311",Des Moines,IA,50114,,,29098,2835,67,Rolling,1110,1340,25,30,3.7,11858,36707,330,1850,4685,2739,10,51,40,60,Minority Enrollment,23,White,72,Hispanic,7,Black,6,Asian,5,Two or more races,5,,,International,4,70,60,34470,47891,41.601,-93.6729
0,Ohio University,178,Public,,"1 Ohio University, Athens, OH, 45701",Athens,OH,,13746,24114,19695,17860,87,1-Feb,1080,1270,22,27,3.8,13460,11730,120,6033,23893,14600,18,33,39,61,Minority Enrollment,15,White,81,Black,5,Hispanic,4,Two or more races,4,Asian,2,Unknown,2,International,1,49,64,28635,49446,39.3178,-82.102
0,San Francisco State University,178,Public,,"1600 Holloway Avenue, San Francisco, CA, 94132",San Francisco,CA,,7524,19404,12590,21868,91,30-Nov,,,,,,17955,,216,2897,24765,17295,20,,44,56,Minority Enrollment,72,Hispanic,36,Asian,24,White,15,International,7,Black,6,Two or more races,5,Pacific Islander,1,49,,,40693,37.7211,-122.4754
0,University of Arkansas,178,Public,City,"232 Silas Hunt Hall, Fayetteville, AR, 72701",Fayetteville,AR,,9748,28772,14998,26269,79,1-Aug,1030,1220,21,29,3.8,13290,9648,156,4667,30936,23395,20,40,44,56,Minority Enrollment,24,White,74,Hispanic,11,Two or more races,5,Black,4,Asian,3,American Indian,1,Unknown,1,53,47,28468,45161,36.052,-94.1534
0,University of North Carolina--Charlotte,178,Public,Urban,"9201 University City Boulevard, Charlotte, NC, 28223",Charlotte,NC,,7214,21338,16873,23461,80,1-Jun,1070,1290,20,26,3.6,13864,10032,113,6090,29551,19989,20,28,52,48,Minority Enrollment,45,White,51,Black,16,Hispanic,14,Asian,10,Two or more races,5,International,2,Unknown,2,48,59,25804,42089,35.3041,-80.7267
0,Washington State University,178,Public,Rural,"P.O Box 645910, Pullman, WA, 99164",Pullman,WA,,12997,29073,8947,22612,83,Rolling,,,,,3.5,13161,15579,65,4927,27539,19726,14,36,47,53,Minority Enrollment,36,White,60,Hispanic,16,Two or more races,8,Asian,7,Black,3,International,3,Pacific Islander,1,41,49,25559,46800,46.7313,-117.1796
0,Bradley University,185,Private,,"1501 W. Bradley Avenue, Peoria, IL, 61625",Peoria,IL,39680,,,24835,4143,75,Rolling,1050,1280,24,30,3.8,12850,31358,317,1409,5552,4026,12,62,49,51,Minority Enrollment,30,White,65,Hispanic,14,Black,9,Asian,4,Two or more races,3,International,2,Unknown,2,58,75,35506,52037,40.6963,-89.6166
0,"California State University, Fresno",185,Public,,"5150 N. Maple, Fresno, CA, 93740",Fresno,CA,,6974,13112,5640,21305,95,30-Nov,880,1140,16,24,3.5,11634,13541,241,2624,23929,17506,21,24,41,59,Minority Enrollment,76,Hispanic,59,White,16,Asian,12,International,5,Black,3,Two or more races,2,Unknown,2,21,16,5557,33791,36.7464,-119.6397
0,Hofstra University,185,Private,Suburban,"100 Hofstra University, Hempstead, NY, 11549",Hempstead,NY,55450,,,32511,6110,69,Rolling,1190,1370,26,31,3.8,18560,38813,74,4128,10238,5818,13,50,43,57,Minority Enrollment,43,White,51,Hispanic,16,Asian,14,Black,9,Two or more races,4,International,4,Unknown,2,59,,,42001,40.7172,-73.6027
0,Louisiana State University--Baton Rouge,185,Public,Urban,"156 Thomas Boyd Hall, Baton Rouge, LA, 70803",Baton Rouge,LA,,11954,28631,18300,30952,76,15-Apr,1140,1320,23,28,3.8,14296,15809,120,6398,37350,26396,20,44,45,55,Minority Enrollment,35,White,63,Black,17,Hispanic,9,Asian,5,Two or more races,3,American Indian,1,Unknown,1,47,42,24784,41032,30.405,-91.1868
0,Missouri University of Science and Technology,185,Public,,"1870 Miner Circle, Rolla, MO, 65409",Rolla,MO,,14462,31862,12682,5501,81,1-Jul,1173,1370,25,31,3.8,11792,20138,120,1582,7083,4860,18,48,77,23,Minority Enrollment,15,White,80,Hispanic,5,Asian,4,Black,3,Two or more races,3,International,2,Unknown,2,24,57,28667,70668,37.9514,-91.7713
0,Oklahoma State University,185,Public,,"101 Whitehurst Hall, Stillwater, OK, 74078",Stillwater,OK,,9244,24764,13188,20801,71,Rolling,1010,1250,20,27,3.6,9106,16807,145,4558,25359,18166,18,43,48,52,Minority Enrollment,31,White,67,Two or more races,11,Hispanic,9,American Indian,5,Black,4,Asian,2,International,2,46,49,25642,44418,36.1241,-97.0705
0,Samford University,185,Private,,"800 Lakeshore Drive, Birmingham, AL, 35229",Birmingham,AL,38144,,,30716,3672,83,1-May,1080,1270,23,29,3.8,12160,26232,330,2011,5683,3609,14,57,32,68,Minority Enrollment,12,White,85,Black,5,Hispanic,4,Two or more races,2,Asian,1,International,1,Unknown,1,69,29,29877,45287,33.4629,-86.7904
0,St. John Fisher University,185,Private,,"3690 East Avenue, Rochester, NY, 14618",Rochester,NY,39666,,,26720,2629,73,Rolling,1090,1260,23,29,3.5,14342,29593,363,992,3621,2540,12,37,41,59,Minority Enrollment,18,White,81,Hispanic,7,Black,5,Asian,4,Two or more races,2,International,1,Unknown,1,64,78,34351,51328,43.1122,-77.5618
0,University of Detroit Mercy,185,Private,Urban,"4001 W. McNichols, Detroit, MI, 48221",Detroit,MI,31058,,,17121,3156,91,1-Mar,960,1208,21,26,3.6,10444,27224,317,2204,5360,2140,11,50,45,55,Minority Enrollment,29,White,56,Black,12,Hispanic,8,International,8,Unknown,8,Asian,7,Two or more races,1,53,58,27582,61631,42.426,-83.15
0,University of Idaho,185,Public,Rural,"875 Perimeter Drive MS 2282, Moscow, ID, 83844",Moscow,ID,,8816,28052,12019,8809,74,Rolling,990,1250,20,27,3.5,10380,13933,137,2698,11507,6630,17,67,49,51,Minority Enrollment,19,White,75,Hispanic,11,International,5,Two or more races,4,Asian,2,Black,1,Unknown,1,35,52,20587,36808,46.7324,-117.0002
0,East Carolina University,195,Public,City,"East Fifth Street, Greenville, NC, 27858",Greenville,NC,,7325,23602,16162,21688,92,1-May,1040,1240,18,24,3.3,10630,12323,183,5463,27151,17585,18,36,42,58,Minority Enrollment,32,White,64,Black,16,Hispanic,9,Two or more races,4,Asian,3,Unknown,3,International,1,45,64,28120,39667,35.5866,-77.3485
0,Russell Sage College,195,Private,City,"65 1st Street, Troy, NY, 12180",Troy,NY,36756,,,22595,1126,74,Rolling,900,1160,15,25,3.3,13791,,381,1033,2159,1091,10,61,28,72,Minority Enrollment,33,White,59,Hispanic,12,Black,11,Unknown,8,Asian,6,Two or more races,3,International,1,62,87,37585,44780,42.7287,-73.6683
0,Touro University,195,Private,Urban,"50 West 47th St, New York, NY, 10036",New York,NY,21810,,,22550,4860,71,,1220,1428,25,32,3.3,12960,10151,165,6251,11111,2971,9,84,29,71,Minority Enrollment,29,White,58,Black,14,Unknown,12,Hispanic,11,Asian,3,International,2,Two or more races,1,54,29,17917,50211,40.7597,-73.9918
0,University of Louisville,195,Public,,"2301 S. Third Street, Louisville, KY, 40292",Louisville,KY,,12828,29174,17744,15921,80,1-Aug,1070,1270,19,27,3.6,11596,16798,110,6096,22017,11266,13,45,43,57,Minority Enrollment,33,White,65,Black,15,Hispanic,7,Two or more races,6,Asian,5,,,International,1,43,50,26252,44418,38.189,-85.6768
0,"University of Nevada, Reno",195,Public,,"Reno, NV, 89557",Reno,NV,,8994,25950,14953,16973,86,7-Apr,1060,1300,19,26,3.4,13700,10700,137,3972,20945,13747,18,36,47,53,Minority Enrollment,45,White,52,Hispanic,24,Two or more races,9,Asian,8,Black,3,American Indian,1,Unknown,1,41,43,21770,41729,39.5296,-119.8138
0,University of Tulsa,195,Private,Urban,"800 S. Tucker Drive, Tulsa, OK, 74104",Tulsa,OK,48102,,,26781,2647,69,1-Aug,1070,1350,21,30,3.6,12876,43320,210,1122,3769,2413,10,64,49,51,Minority Enrollment,41,White,50,Hispanic,13,Two or more races,10,Black,8,Asian,7,International,6,American Indian,3,60,40,25789,55109,36.1464,-95.9526
0,Indiana University-Purdue University--Indianapolis,201,Public,Urban,"420 University Boulevard, Indianapolis, IN, 46202",Indianapolis,IN,,10449,33717,10947,17727,83,15-May,1050,1250,21,27,3.5,11195,13952,96,8252,25979,14924,13,55,41,59,Minority Enrollment,36,White,61,Hispanic,13,Black,10,Asian,7,Two or more races,6,,,International,3,39,55,25853,45394,39.7851,-86.1595
0,La Salle University,201,Private,Urban,"1900 W. Olney Avenue, Philadelphia, PA, 19141",Philadelphia,PA,35520,,,23269,2776,94,Rolling,,,,,3.4,16676,26624,330,1273,4049,1994,12,61,35,65,Minority Enrollment,48,White,46,Black,22,Hispanic,18,Asian,5,International,5,Two or more races,3,Unknown,1,57,92,24249,50923,40.0365,-75.1451
0,The New School,201,Private,Urban,"66 W. 12th Street, New York, NY, 10011",New York,NY,56244,,,29648,7208,57,1-Aug,,,,,3.6,29424,29572,271,2958,10166,6502,14,89,23,77,Minority Enrollment,30,White,34,International,33,Asian,11,Hispanic,10,Two or more races,5,Black,4,Unknown,3,57,35,34034,28403,40.7402,-73.9996
0,Robert Morris University,201,Private,,"6001 University Boulevard, Moon Township, PA, 15108",Moon Township,PA,34740,,,24224,2782,94,Rolling,,,,,3.7,12930,27619,330,669,3451,2582,13,51,55,45,Minority Enrollment,18,White,76,Black,7,Two or more races,5,International,5,Hispanic,4,Asian,2,Unknown,1,53,66,45795,48833,40.5,-80.1996
0,University of North Carolina--Wilmington,201,Public,City,"601 S. College Road, Wilmington, NC, 28403",Wilmington,NC,,7317,22985,19999,14294,69,1-Feb,1220,1370,24,29,3.9,12605,9160,233,3549,17843,11709,17,41,35,65,Minority Enrollment,17,White,79,Hispanic,8,Black,4,Two or more races,3,Asian,2,Unknown,2,International,1,59,56,26670,39430,34.2237,-77.8862
0,Valparaiso University,201,Private,City,"Kretzmann Hall, 1700 Chapel Drive, Valparaiso, IN, 46383",Valparaiso,IN,46588,,,25802,2349,94,Rolling,1140,1360,27,30,3.7,13306,36367,298,609,2958,2301,13,58,43,57,Minority Enrollment,23,White,71,Hispanic,11,Black,6,International,4,Asian,3,Two or more races,3,Unknown,2,62,73,40111,51280,41.4547,-87.0656
0,Wayne State University,201,Public,,"656 W. Kirby, Detroit, MI, 48202",Detroit,MI,,14925,31614,14728,16116,75,1-Aug,980,1230,20,28,3.4,12204,13432,120,7672,23788,12154,16,34,41,59,Minority Enrollment,41,White,55,Black,16,Asian,14,Hispanic,7,Two or more races,4,International,2,Unknown,2,34,50,24825,45524,42.377,-83.0796
0,Xavier University,201,Private,Urban,"3800 Victory Parkway, Cincinnati, OH, 45207",Cincinnati,OH,48125,,,31642,4860,84,Rolling,1120,1310,23,30,3.7,13820,31476,317,1269,6129,4616,10,45,44,56,Minority Enrollment,24,White,75,Black,11,Hispanic,6,Two or more races,4,Asian,3,International,1,Unknown,1,67,63,38374,50231,39.1397,-84.4706
0,Chatham University,209,Private,City,"Woodland Road, Pittsburgh, PA, 15232",Pittsburgh,PA,43810,,,26793,1499,66,1-Aug,1060,1270,21,29,,14324,37962,337,888,2387,1168,10,64,28,72,Minority Enrollment,16,White,77,Black,6,Hispanic,6,Unknown,5,Asian,4,,,International,3,62,78,43394,38794,40.4525,-79.9319
0,Florida Atlantic University,209,Public,City,"777 Glades Road, Boca Raton, FL, 33431",Boca Raton,FL,,6099,21655,7990,24229,81,1-Apr,1020,1200,20,25,3.8,12536,14762,165,5363,29592,15620,22,38,42,58,Minority Enrollment,56,White,40,Hispanic,29,Black,19,Asian,4,Two or more races,4,International,3,Unknown,1,48,40,21572,38973,26.3799,-80.0975
0,Illinois State University,209,Public,Urban,"Campus Box 2200, Normal, IL, 61790",Normal,IL,,15171,27011,20579,18055,86,1-Apr,1000,1210,21,27,3.6,10602,14604,231,2628,20683,16953,19,40,44,56,Minority Enrollment,31,White,69,Hispanic,13,Black,11,Two or more races,4,Asian,3,International,1,Unknown,1,51,64,31307,43353,40.5103,-88.998
0,Pacific University,209,Private,Suburban,"2043 College Way, Forest Grove, OR, 97116",Forest Grove,OR,54466,,,34063,1639,92,24-Aug,1010,1350,20,26,3.7,15058,50024,337,1920,3559,1487,10,63,40,60,Minority Enrollment,48,White,45,Hispanic,18,Asian,14,Two or more races,12,Unknown,6,Black,2,International,1,58,73,35371,35490,45.5981,-123.1818
0,Sacred Heart University,209,Private,Suburban,"5151 Park Avenue, Fairfield, CT, 06825",Fairfield,CT,48460,,,43871,6782,66,28-Jul,1140,1280,26,29,3.7,18450,24869,330,3939,10721,6277,16,37,33,67,Minority Enrollment,20,White,77,Hispanic,12,Black,4,Asian,2,Two or more races,2,Unknown,2,International,1,69,71,46866,55042,41.1928,-73.2402
0,University of Massachusetts--Dartmouth,209,Public,Suburban,"285 Old Westport Road, North Dartmouth, MA, 02747",North Dartmouth,MA,,14854,30992,20910,5517,96,Rolling,1020,1260,22,31,3.3,15975,18180,225,1940,7457,4699,15,57,48,52,Minority Enrollment,38,White,58,Black,18,Hispanic,12,Two or more races,5,Asian,3,Unknown,2,International,1,39,77,31651,47399,41.6338,-70.9958
0,West Chester University of Pennsylvania,209,Public,Suburban,"West Chester, PA, 19383",West Chester,PA,,10687,22261,13183,14392,88,Rolling,1080,1260,23,30,3.5,10326,9860,276,2883,17275,12569,20,29,41,59,Minority Enrollment,25,White,73,Black,11,Hispanic,7,Two or more races,4,Asian,3,,,Unknown,1,51,75,35714,43719,39.961,-75.608
0,Ball State University,216,Public,Suburban,"2000 W. University Avenue, Muncie, IN, 47306",Muncie,IN,,10758,28766,15464,14416,69,7-Aug,1090,1260,23,28,3.6,12064,16710,210,5361,19777,12620,15,52,39,61,Minority Enrollment,23,White,75,Black,10,Hispanic,7,Two or more races,4,Asian,2,International,1,Unknown,1,50,66,26388,39543,40.2023,-85.4082
0,The College of St. Scholastica,216,Private,City,"1200 Kenwood Avenue, Duluth, MN, 55811",Duluth,MN,40454,,,24652,1938,83,Rolling,1088,1180,22,27,3.5,11380,36432,381,1269,3207,1673,10,53,32,68,Minority Enrollment,15,White,79,Black,4,Hispanic,4,Asian,3,International,3,Unknown,3,Two or more races,2,58,69,45308,59350,46.8147,-92.1998
0,Mississippi State University,216,Public,Rural,"PO Box 6018, Mississippi State, MS, 39762",Mississippi State,MS,,9815,26580,15891,18305,70,Rolling,1070,1280,21,29,3.6,12293,16033,161,4344,22649,16377,16,46,50,50,Minority Enrollment,25,White,74,Black,15,Hispanic,4,Two or more races,3,Asian,2,American Indian,1,Unknown,1,41,52,24797,38872,33.4156,-88.7433
0,Springfield College,216,Private,City,"263 Alden Street, Springfield, MA, 01109",Springfield,MA,43707,,,27837,2005,76,1-Aug,1100,1300,26,31,3.6,14202,30513,356,916,2921,1982,11,59,50,50,Minority Enrollment,17,White,73,Hispanic,9,Black,5,Unknown,5,International,4,,,Asian,3,67,85,42076,35851,42.1145,-72.5543
0,St. Catherine University,216,Private,Urban,"2004 Randolph Avenue, St. Paul, MN, 55105",St. Paul,MN,49758,,,19206,2416,93,Rolling,1155,1450,18,26,3.6,9900,39836,347,1173,3589,1624,10,78,5,95,Minority Enrollment,44,White,53,Black,14,Asian,13,Hispanic,13,Two or more races,4,,,Unknown,2,48,68,24660,48724,44.9347,-93.1651
0,Texas Tech University,216,Public,Urban,"Box 45005, Lubbock, TX, 79409",Lubbock,TX,,11852,24092,17313,32579,67,1-Aug,1090,1280,23,28,3.6,10460,12980,137,7799,40378,29075,21,33,51,49,Minority Enrollment,42,White,55,Hispanic,29,Black,6,Two or more races,4,Asian,3,International,2,Unknown,1,41,49,31640,44926,33.5779,-101.8552
0,University of Massachusetts--Boston,216,Public,,"100 Morrissey Boulevard, Boston, MA, 02125",Boston,MA,,15535,37211,17817,12221,81,1-Mar,1080,1300,24,29,3.4,17332,20398,113,3365,15586,9664,16,38,43,57,Minority Enrollment,57,White,33,Hispanic,19,Black,18,Asian,16,International,6,Two or more races,4,Unknown,4,28,66,27117,47008,42.2973,-71.0745
0,University of North Carolina at Greensboro,216,Public,Urban,"PO Box 26170, Greensboro, NC, 27402",Greensboro,NC,,7379,22539,11110,14198,92,Rolling,1110,1280,22,27,3.6,9924,13422,180,3780,17978,11534,17,39,34,66,Minority Enrollment,57,White,40,Black,30,Hispanic,16,Asian,6,Two or more races,5,International,1,Unknown,1,36,69,25477,34664,36.0726,-79.792
0,University of St. Thomas (TX),216,Private,Urban,"3800 Montrose Boulevard, Houston, TX, 77006",Houston,TX,33660,,,18241,2729,97,15-Aug,1010,1300,24,29,3.6,10248,28916,381,962,3691,2166,13,56,42,58,Minority Enrollment,69,Hispanic,50,White,20,Asian,11,Black,7,International,5,Unknown,5,Two or more races,1,39,45,25573,44747,29.7409,-95.3923
0,University of Wyoming,216,Public,Suburban,"1000 E. University Avenue, Laramie, WY, 82071",Laramie,WY,,6938,22718,8036,8518,96,10-Aug,1030,1240,20,27,3.5,13340,11865,120,2582,11100,7061,13,45,47,53,Minority Enrollment,15,White,78,Hispanic,8,Unknown,5,Two or more races,4,International,2,Black,1,Asian,1,39,41,24661,43173,41.3114,-105.5911
0,West Virginia University,216,Public,,"PO Box 6201, Morgantown, WV, 26506",Morgantown,WV,,9360,26568,13380,19059,77,1-Aug,1000,1220,20,26,3.7,11618,,82,5682,24741,17453,17,45,52,48,Minority Enrollment,15,White,82,Two or more races,6,Hispanic,4,Black,3,Asian,2,International,2,Unknown,1,43,,,41408,39.6453,-79.9627
0,Georgia State University,227,Public,Urban,"PO Box 3965, Atlanta, GA, 30302",Atlanta,GA,,10268,29306,17738,28927,61,1-Apr,940,1190,19,26,3.6,16328,15728,120,7596,36523,21543,26,24,40,60,Minority Enrollment,77,Black,42,White,18,Asian,16,Hispanic,14,Two or more races,5,International,3,Unknown,1,34,60,27968,35791,33.749,-84.388
0,Kent State University,227,Public,Suburban,"PO Box 5190, Kent, OH, 44242",Kent,OH,,12846,22316,18778,20418,88,1-Aug,1000,1210,18,25,3.7,13040,14372,165,5436,25854,17627,19,57,38,62,Minority Enrollment,19,White,75,Black,9,Hispanic,4,Two or more races,4,International,3,Asian,2,Unknown,2,50,69,30770,38063,41.1537,-81.3579
0,Misericordia University,227,Private,,"301 Lake Street, Dallas, PA, 18612",Dallas,PA,38370,,,26445,1777,76,Rolling,1000,1240,22,23,3.5,15300,30202,393,465,2242,1453,9,68,33,67,Minority Enrollment,13,White,83,Hispanic,5,Unknown,5,Black,4,Two or more races,3,,,Asian,1,68,86,42144,48380,41.3494,-75.9834
0,Nova Southeastern University,227,Private,Suburban,"3301 College Avenue, Ft. Lauderdale, FL, 33314",Ft. Lauderdale,FL,37080,,,25737,6971,76,1-Feb,1040,1310,20,27,3.9,15950,34115,204,13977,20948,6218,18,61,28,72,Minority Enrollment,64,Hispanic,34,White,27,Black,15,Asian,12,International,5,Two or more races,3,Unknown,3,56,48,27848,60914,26.0697,-80.2246
0,University of Alabama at Huntsville,227,Public,,"301 Sparkman Drive, Huntsville, AL, 35899",Huntsville,AL,,11878,24770,17250,7169,78,Rolling,1226,1430,25,31,,11122,15894,204,2068,9237,5859,17,36,59,41,Minority Enrollment,26,White,71,Black,9,Hispanic,7,Two or more races,5,Asian,4,Unknown,3,International,1,39,44,21231,57386,34.7339,-86.6456
0,University of Texas Rio Grande Valley,227,Public,,"1201 W University Drive, Edinburg, TX, 78539",Edinburg,TX,,9538,19333,5363,26434,87,1-Jul,910,1120,16,22,,8888,,188,5125,31559,19656,19,27,41,59,Minority Enrollment,95,Hispanic,94,White,2,International,2,Asian,1,,,,,Unknown,1,29,,,31976,26.2792,-98.1832
0,Western Carolina University,227,Public,Rural,"1 University Way, Cullowhee, NC, 28723",Cullowhee,NC,,4532,8532,13640,9956,85,1-Mar,1020,1240,19,26,3.4,11545,,290,1679,11635,7977,16,35,43,57,Minority Enrollment,20,White,77,Hispanic,8,Black,6,Two or more races,4,International,2,American Indian,1,Unknown,1,43,66,28245,37398,35.2409,-83.1475
0,Widener University,227,Private,,"1 University Place, Chester, PA, 19013",Chester,PA,53638,,,24012,2555,88,Rolling,1105,1290,,,3.4,15530,45059,317,2861,5416,2322,10,67,42,58,Minority Enrollment,29,White,66,Black,18,Hispanic,6,Asian,4,Unknown,3,Two or more races,1,International,1,56,,,59934,39.8498,-75.3747
0,Grand Valley State University,235,Public,,"1 Campus Drive, Allendale, MI, 49401",Allendale,MI,,14628,20820,17210,19379,92,1-May,,,,,,11142,14168,256,3027,22406,16984,15,,39,61,Minority Enrollment,17,White,81,Hispanic,6,Black,4,Two or more races,4,Asian,3,,,International,1,41,67,28314,40230,42.9711,-85.9249
0,Azusa Pacific University,236,Private,,"901 E. Alosta Avenue, Azusa, CA, 91702",Azusa,CA,42330,,,24811,2588,87,1-Jun,1045,1280,23,28,3.8,9222,31833,337,4545,7133,2434,13,66,35,65,Minority Enrollment,61,Hispanic,35,White,30,Asian,13,Two or more races,7,Black,5,International,5,Pacific Islander,1,48,66,50432,46313,34.1248,-117.9031
0,Belmont University,236,Private,City,"1900 Belmont Boulevard, Nashville, TN, 37212",Nashville,TN,41320,,,31519,7376,96,1-Aug,1150,1340,24,30,3.8,14290,31943,347,1526,8902,7087,12,52,34,66,Minority Enrollment,20,White,77,Hispanic,8,Black,5,Two or more races,4,Asian,3,International,1,Unknown,1,65,48,31549,34052,36.1337,-86.8006
0,Bethel University (MN),236,Private,Suburban,"3900 Bethel Drive, St. Paul, MN, 55112",St. Paul,MN,42930,,,27624,2533,72,Rolling,,,20,28,3.6,12090,36674,287,1233,3766,1806,13,60,40,60,Minority Enrollment,21,White,77,Hispanic,7,Black,5,Asian,5,Two or more races,4,,,Unknown,1,67,67,36197,47638,45.0788,-93.1872
0,Biola University,236,Private,Suburban,"13800 Biola Avenue, La Mirada, CA, 90639",La Mirada,CA,46704,,,27161,3499,58,1-Sep,1105,1365,23,30,0,12654,33240,363,1888,5387,3169,11,56,39,61,Minority Enrollment,47,White,42,Hispanic,22,Asian,14,Two or more races,8,International,6,Unknown,4,Black,3,59,47,33558,35945,33.9058,-118.0182
0,Gallaudet University,236,Private,City,"800 Florida Avenue NE, Washington, DC, 20002",Washington,DC,18254,,,22616,914,59,Rolling,753,1091,14,20,3.8,15170,27623,347,408,1322,852,6,100,48,52,Minority Enrollment,48,White,42,Hispanic,22,Black,17,International,6,Asian,5,Unknown,4,Pacific Islander,1,16,58,18703,31462,38.9024,-76.9901
0,Lipscomb University,236,Private,Suburban,"1 University Park Drive, Nashville, TN, 37204",Nashville,TN,38824,,,24627,2955,71,Rolling,1130,1320,23,30,3.8,14804,30986,337,1749,4704,2791,13,64,39,61,Minority Enrollment,23,White,71,Hispanic,10,Black,7,Asian,4,International,3,Unknown,3,Two or more races,1,60,49,29126,41962,36.1067,-86.7743
0,University of Colorado Denver,236,Public,,"Campus Box 167  PO Box 173364, Denver, CO, 80217",Denver,CO,,12366,35106,13322,14055,75,Rolling,1030,1260,21,27,3.5,14460,12152,26,9689,23744,8355,17,41,43,57,Minority Enrollment,48,White,41,Hispanic,26,Asian,10,International,9,Black,6,Two or more races,6,Unknown,1,23,42,20161,49487,39.7392,-104.9847
0,University of New Mexico,236,Public,Urban,"1 University of New Mexico, Albuquerque, NM, 87131",Albuquerque,NM,,10092,26452,15070,15914,96,Rolling,,,18,25,3.4,10916,,96,6067,21981,11911,13,49,42,58,Minority Enrollment,68,Hispanic,51,White,29,American Indian,6,Asian,4,Two or more races,4,Black,3,Unknown,1,35,,,37922,35.0443,-106.6729
0,University of North Dakota,236,Public,City,"Gorecki Center 3501 University Avenue Stop 8357, Grand Forks, ND, 58202",Grand Forks,ND,,10951,15570,17424,9928,83,15-Aug,1090,1280,20,26,3.6,11046,18656,194,3948,13876,6991,17,39,56,44,Minority Enrollment,15,White,79,Hispanic,5,Two or more races,5,International,4,Black,2,Asian,2,Unknown,1,42,,,49193,47.9215,-97.0735
0,University of North Florida,236,Public,,"1 UNF Drive, Jacksonville, FL, 32224",Jacksonville,FL,,6398,20107,7159,14171,71,1-Jun,1010,1220,18,25,3.6,10192,10914,246,2235,16406,10750,19,33,43,57,Minority Enrollment,39,White,58,Hispanic,16,Black,12,Asian,6,Two or more races,5,International,2,Unknown,1,49,36,17406,40115,30.3031,-81.4404
0,The University of Texas at Arlington,236,Public,Urban,"701 S. Nedderman Drive, Arlington, TX, 76019",Arlington,TX,,11728,29660,15627,30791,81,19-Aug,1000,1240,18,26,,10582,12292,145,13155,43946,18867,24,33,40,60,Minority Enrollment,71,Hispanic,38,White,25,Black,15,Asian,14,Two or more races,4,International,4,Unknown,1,31,42,20782,58806,32.7357,-97.1081
0,Western New England University,236,Private,Suburban,"1215 Wilbraham Road, Springfield, MA, 01119",Springfield,MA,46430,,,29806,2406,88,Rolling,1090,1280,24,29,3.5,14900,33124,290,1024,3430,2324,12,54,58,42,Minority Enrollment,21,White,73,Hispanic,10,Black,5,Asian,3,Two or more races,3,Unknown,3,International,2,62,86,44936,51375,42.1247,-72.5121
0,Keiser University,249,Private,Urban,"1900 W. Commercial Boulevard, Ft. Lauderdale, FL, 33309",Ft. Lauderdale,FL,36020,,,36354,16960,97,Rolling,,,,,,15212,7627,381,2060,19020,9804,15,,29,71,Minority Enrollment,52,Hispanic,30,White,25,Unknown,22,Black,18,Asian,2,International,2,Two or more races,1,54,,,36821,26.1817,-80.1746
0,Maryville University of St. Louis,249,Private,Suburban,"650 Maryville University Drive, St Louis, MO, 63141",St Louis,MO,27166,,,24450,5809,88,Rolling,960,1210,19,25,3.5,13300,20145,393,4150,9959,3324,13,69,32,68,Minority Enrollment,28,White,65,Black,13,Hispanic,8,Unknown,4,Asian,3,Two or more races,3,American Indian,1,56,64,33516,57081,38.6565,-90.4542
0,North Dakota State University,249,Public,City,"PO Box 6050, Fargo, ND, 58108",Fargo,ND,,10992,15646,17692,10096,96,1-Aug,968,1216,19,25,3.5,9300,,171,2146,12242,8902,16,41,49,51,Minority Enrollment,12,White,86,Two or more races,4,Black,3,Hispanic,3,American Indian,1,Asian,1,Unknown,1,43,,,50082,46.8772,-96.7898
0,Northern Arizona University,249,Public,City,"PO Box 4084, Flagstaff, AZ, 86011",Flagstaff,AZ,,12654,28900,14636,23207,80,1-Aug,1050,1270,19,25,3.7,13908,14757,48,4883,28090,20010,20,28,37,63,Minority Enrollment,41,White,56,Hispanic,26,Two or more races,6,Black,3,American Indian,3,Asian,3,Unknown,1,47,51,22550,41673,35.1981,-111.6513
0,Pace University,249,Private,,"1 Pace Plaza, New York, NY, 10038",New York,NY,51424,,,27937,8223,83,15-Feb,1120,1300,24,29,3.4,21566,40165,276,5386,13609,7450,14,53,34,66,Minority Enrollment,44,White,48,Hispanic,21,Black,10,Asian,8,International,6,Two or more races,5,Unknown,1,50,64,36501,52562,40.7101,-74.0013
0,Sam Houston State University,249,Public,Rural,"1806 Avenue J, Huntsville, TX, 77340",Huntsville,TX,,10756,22996,15446,18235,85,1-Aug,960,1140,18,24,0,11720,14038,246,3245,21480,14530,21,36,37,63,Minority Enrollment,50,White,47,Hispanic,27,Black,16,Two or more races,4,Asian,2,Unknown,2,International,1,34,66,26750,39591,30.6448,-95.5798
0,Suffolk University,249,Private,Urban,"8 Ashburton Place, Boston, MA, 02108",Boston,MA,45380,,,27861,4437,87,Rolling,1100,1300,25,30,3.4,20360,37134,290,2353,6790,4240,13,48,38,62,Minority Enrollment,35,White,49,Hispanic,16,International,13,Black,8,Asian,7,Two or more races,4,Unknown,3,46,81,30329,45060,42.3576,-71.0684
0,Tennessee Tech University,249,Public,Rural,"Campus Box 5006 USPS 077-460, Cookeville, TN, 38505",Cookeville,TN,,10830,15030,14795,8537,77,Rolling,1000,1240,21,27,3.7,12104,13007,256,1365,9902,7714,18,52,54,46,Minority Enrollment,15,White,81,Black,5,Hispanic,5,Two or more races,3,Asian,2,International,2,Unknown,2,39,55,25459,39168,36.1628,-85.5016
0,Union University,249,Private,Suburban,"1050 Union University Drive, Jackson, TN, 38305",Jackson,TN,38300,,,27475,1899,53,Rolling,1100,1370,23,30,3.8,12166,32407,381,831,2730,1548,9,76,37,63,Minority Enrollment,21,White,69,Black,15,Unknown,8,Asian,3,American Indian,2,International,2,Hispanic,1,58,58,25457,46632,35.6829,-88.8281
0,University of Maine,249,Public,Rural,"168 College Avenue, Orono, ME, 04469",Orono,ME,,12606,35346,17067,9774,94,Rolling,1060,1280,22,30,3.4,12696,16422,171,2457,12231,7573,15,45,50,50,Minority Enrollment,14,White,83,Hispanic,5,Two or more races,4,Black,2,Asian,2,International,2,American Indian,1,40,69,36365,40871,45.0028,-68.6334
0,University of Wisconsin--La Crosse,249,Public,City,"1725 State Street, La Crosse, WI, 54601",La Crosse,WI,,9774,18814,14839,9352,82,,1115,1290,21,26,3.6,7345,8513,308,927,10279,8725,20,29,43,57,Minority Enrollment,9,White,89,Hispanic,4,Two or more races,3,Asian,2,,,,,Unknown,1,46,61,25512,40863,43.7989,-91.2175
0,Central Michigan University,260,Public,Rural,"Warriner Hall, Mount Pleasant, MI, 48859",Mount Pleasant,MI,,14790,14790,16810,10421,79,Rolling,980,1220,21,27,3.5,12178,15085,200,4173,14594,8925,17,45,39,61,Minority Enrollment,21,White,76,Black,10,Hispanic,5,Two or more races,4,International,2,American Indian,1,Unknown,1,36,68,31162,40693,43.5647,-84.8473
0,Gannon University,260,Private,Urban,"109 University Square, Erie, PA, 16541",Erie,PA,36676,,,21964,2991,81,Rolling,1030,1263,21,27,3.6,15510,30940,356,1574,4565,2518,13,54,42,58,Minority Enrollment,18,White,67,International,13,Black,6,Hispanic,5,Two or more races,4,Asian,3,Unknown,3,55,,,49832,42.1292,-80.0851
0,Gwynedd Mercy University,260,Private,Suburban,"1325 Sumneytown Pike, PO Box 901, Gwynedd Valley, PA, 19437",Gwynedd Valley,PA,38310,,,26072,1412,90,20-Aug,1015,1235,25,28,3.4,13640,29359,405,679,2091,1115,9,73,29,71,Minority Enrollment,32,White,62,Black,17,Hispanic,7,Asian,6,Unknown,6,,,Two or more races,2,54,82,47711,70232,40.1811,-75.2579
0,Loyola University New Orleans,260,Private,Urban,"6363 St. Charles Avenue, New Orleans, LA, 70118",New Orleans,LA,47240,,,22123,3289,78,Rolling,,,,,3.6,14330,41397,317,1108,4397,2953,14,50,33,67,Minority Enrollment,49,White,45,Hispanic,22,Black,19,Two or more races,5,Asian,3,International,3,Unknown,2,58,69,28538,27590,29.9504,-90.1236
0,Regis University,260,Private,Suburban,"3333 Regis Boulevard, B-20, Denver, CO, 80221",Denver,CO,43980,,,23916,2398,78,1-Aug,1010,1220,20,27,3.7,14618,37427,317,2270,4668,1782,9,59,34,66,Minority Enrollment,45,White,49,Hispanic,30,Asian,6,Black,5,Two or more races,4,Unknown,3,International,2,53,61,27606,64196,39.838,-104.9988
0,University of Missouri--St. Louis,260,Public,,"1 University Boulevard, St. Louis, MO, 63121",St. Louis,MO,,12648,31516,11462,12431,51,29-Aug,1040,1210,20,26,3.4,10920,14727,233,2766,15197,3838,14,69,42,58,Minority Enrollment,31,White,62,Black,18,Asian,5,Unknown,5,Hispanic,4,Two or more races,4,International,2,31,52,23110,42943,38.7071,-90.3055
0,University of New England,260,Private,,"Hills Beach Road, Biddeford, ME, 04005",Biddeford,ME,42550,,,35936,3718,96,15-Feb,,,,,3.4,16740,28355,283,2716,6434,2248,12,54,31,69,Minority Enrollment,10,White,86,Asian,3,Hispanic,3,Two or more races,3,Unknown,2,,,Black,1,55,82,54956,46649,43.4935,-70.4883
0,University of North Texas,260,Public,City,"1155 Union Circle #311425, Denton, TX, 76203",Denton,TX,,12044,24644,12006,33024,79,1-Aug,1000,1240,19,27,,10805,15534,158,11681,44705,25965,26,30,46,54,Minority Enrollment,56,White,38,Hispanic,29,Black,15,Asian,8,Two or more races,4,International,4,Unknown,1,42,49,22068,39490,33.2148,-97.1331
0,Winston-Salem State University,260,Public,,"601 Martin Luther King Jr. Drive, Winston-Salem, NC, 27110",Winston-Salem,NC,,6276,16932,13435,4726,81,15-Mar,880,1040,15,19,,11220,,356,500,5226,3939,16,,24,76,Minority Enrollment,88,Black,79,White,7,Hispanic,4,Two or more races,4,Unknown,4,Asian,1,International,1,28,,,37336,36.0275,-80.2073
0,Florida Institute of Technology,269,Private,Suburban,"150 West University Boulevard, Melbourne, FL, 32901",Melbourne,FL,44360,,,31172,3374,64,Rolling,1120,1320,22,28,3.5,14340,37117,204,4984,8358,2963,14,50,68,32,Minority Enrollment,24,White,55,International,18,Hispanic,14,Black,5,Two or more races,3,Unknown,3,Asian,2,50,53,41502,62925,28.0691,-80.62
0,George Fox University,269,Private,Suburban,"414 N. Meridian Street, Newberg, OR, 97132",Newberg,OR,40940,,,30927,2534,92,Rolling,1020,1290,22,28,3.7,13600,29087,356,1499,4033,2331,16,49,40,60,Minority Enrollment,31,White,65,Hispanic,16,Two or more races,8,Asian,5,Black,2,,,Unknown,2,61,67,33736,43528,45.3099,-122.9685
0,Lincoln Memorial University,269,Private,,"6965 Cumberland Gap Parkway, Harrogate, TN, 37752",Harrogate,TN,26150,,,16017,1560,79,15-Aug,982,1190,18,24,3.5,10740,23696,356,3858,5418,1206,9,71,30,70,Minority Enrollment,15,White,77,International,7,Black,6,Hispanic,5,Asian,3,Unknown,2,American Indian,1,40,43,32511,48335,36.5767,-83.6073
0,Northern Illinois University,269,Public,Suburban,"PO Box 3001, DeKalb, IL, 60115",DeKalb,IL,,12504,12504,14266,11429,71,1-Aug,,,,,3.4,12800,18047,171,4220,15649,9927,14,42,47,53,Minority Enrollment,55,White,44,Hispanic,24,Black,21,Asian,7,Two or more races,3,International,1,Unknown,1,33,70,28627,43293,41.9008,-88.7548
0,Seattle Pacific University,269,Private,,"3307 Third Avenue W, Seattle, WA, 98119",Seattle,WA,38814,,,24578,2428,91,1-Feb,1080,1350,20,27,3.6,15498,35463,347,686,3114,2329,12,59,33,67,Minority Enrollment,51,White,40,Hispanic,18,Asian,15,Two or more races,10,Black,7,International,6,Pacific Islander,1,53,64,28266,45290,47.6379,-122.3643
0,University of Memphis,269,Public,,"Memphis, TN, 38152",Memphis,TN,,10344,18024,14023,16708,95,1-Jul,930,1230,17,24,3.4,9996,12650,171,5209,21917,10912,17,53,39,61,Minority Enrollment,58,White,40,Black,39,Hispanic,10,Asian,5,Two or more races,4,International,1,Unknown,1,28,60,29939,39112,35.2017,-89.9715
0,University of Missouri--Kansas City,269,Public,Urban,"5100 Rockhill Road, Kansas City, MO, 64110",Kansas City,MO,,12734,30734,13296,10190,69,15-Jun,1245,1550,21,30,3.5,12118,15026,110,5525,15715,5547,14,46,41,59,Minority Enrollment,43,White,50,Hispanic,14,Black,13,Asian,11,Two or more races,5,International,5,Unknown,1,36,55,23643,44764,39.0361,-94.5722
0,"University of Nevada, Las Vegas",269,Public,Urban,"4505 S. Maryland Parkway, Box 451021, Las Vegas, NV, 89154",Las Vegas,NV,,9143,26099,12906,25365,85,1-Jun,1000,1220,18,24,3.4,12072,13123,151,5295,30660,19533,18,43,43,57,Minority Enrollment,73,Hispanic,34,White,24,Asian,16,Two or more races,13,Black,9,International,2,Pacific Islander,1,22,42,21584,39320,36.175,-115.1372
0,University of South Dakota,269,Public,Rural,"414 E. Clark Street, Vermillion, SD, 57069",Vermillion,SD,,9432,12942,19415,7132,99,Rolling,1020,1300,19,25,3.5,8604,8670,225,2724,9856,4500,16,50,36,64,Minority Enrollment,15,White,81,Hispanic,5,Black,4,Two or more races,3,American Indian,2,International,2,Unknown,1,44,70,28354,44932,42.7951,-96.9258
0,Utah State University,269,Public,City,"Old Main Hill, Logan, UT, 84322",Logan,UT,,9228,24802,13233,24835,94,Rolling,1050,1320,20,27,3.6,8232,,136,3108,27943,16561,19,44,44,56,Minority Enrollment,11,White,83,Hispanic,6,Unknown,5,Two or more races,2,Black,1,American Indian,1,International,1,29,,,41246,41.6412,-111.8966
0,Wilkes University,269,Private,City,"84 W. South Street, Wilkes-Barre, PA, 18766",Wilkes-Barre,PA,42286,,,29807,2000,94,Rolling,1060,1260,21,26,3.5,16006,32280,317,3207,5207,1802,13,59,47,53,Minority Enrollment,20,White,72,Hispanic,10,International,6,Black,5,Two or more races,3,,,Asian,2,47,81,51213,56093,41.2448,-75.8896
0,Bellarmine University,280,Private,City,"2001 Newburg Road, Louisville, KY, 40205",Louisville,KY,46780,,,23443,2343,88,15-Aug,1100,1290,21,27,3.6,9490,40731,363,627,2970,2171,12,53,39,61,Minority Enrollment,24,White,74,Black,8,Hispanic,8,Two or more races,5,Asian,3,International,2,Unknown,1,53,66,27082,45831,38.2222,-85.6885
0,Bowling Green State University,280,Public,Rural,"Bowling Green, OH, 43403",Bowling Green,OH,,13436,21424,16310,13853,79,Rolling,990,1200,20,25,3.6,11786,16411,219,3067,16920,11496,17,43,43,57,Minority Enrollment,16,White,80,Black,7,Hispanic,5,Two or more races,3,Unknown,2,Asian,1,International,1,47,69,30277,37537,41.377,-83.6371
0,California State University--East Bay,280,Public,,"25800 Carlos Bee Boulevard, Hayward, CA, 94542",Hayward,CA,,6995,18875,11327,12114,82,30-Nov,,,,,,15402,,256,3075,15189,9434,24,,40,60,Minority Enrollment,76,Hispanic,38,Asian,23,White,15,Black,9,Two or more races,5,International,5,Pacific Islander,1,12,,,44725,37.6586,-122.0472
0,Clarke University,280,Private,,"1550 Clarke Drive, Dubuque, IA, 52001",Dubuque,IA,39600,,,26777,785,67,21-Aug,890,1150,18,23,3.3,11520,29817,405,180,965,706,9,80,55,45,Minority Enrollment,30,White,56,Black,14,Hispanic,10,International,8,Unknown,6,Two or more races,5,Asian,1,51,88,51454,45076,42.515,-90.6819
0,DeSales University,280,Private,Suburban,"2755 Station Avenue, Center Valley, PA, 18034",Center Valley,PA,44800,,,27678,2231,77,1-Aug,1100,1280,23,29,3.4,13800,34172,393,785,3016,1894,11,55,35,65,Minority Enrollment,24,White,72,Hispanic,13,Black,5,Asian,4,Unknown,3,,,Two or more races,2,61,77,45085,52201,40.5396,-75.4242
0,Hampton University,280,Private,,"200 William R Harvey Way, Hampton, VA, 23668",Hampton,VA,29312,,,40395,2794,45,1-Mar,840,1220,17,27,3.3,12986,7300,298,457,3251,2683,11,54,33,67,Minority Enrollment,96,Black,94,White,2,Unknown,2,Asian,1,,,,,Hispanic,1,40,88,31215,33152,37.0206,-76.3377
0,Immaculata University,280,Private,Suburban,"1145 King Road, Immaculata, PA, 19345",Immaculata,PA,28550,,,28338,1508,70,Rolling,1090,1260,,,3.5,12870,19625,405,884,2392,991,10,84,30,70,Minority Enrollment,25,White,72,Hispanic,11,Black,10,Asian,3,Unknown,2,Two or more races,1,International,1,50,82,45620,52491,39.8478,-75.7193
0,Marian University (IN),280,Private,City,"3200 Cold Spring Road, Indianapolis, IN, 46222",Indianapolis,IN,39100,,,21765,2860,94,1-Aug,,,,,,13200,33491,363,1068,3928,2280,13,67,37,63,Minority Enrollment,35,White,60,Black,15,Hispanic,12,Two or more races,5,Asian,3,International,3,Unknown,2,42,70,33974,54162,39.789,-86.2136
0,North Carolina Agricultural and Technical State University,280,Public,Urban,"1601 E. Market Street, Greensboro, NC, 27411",Greensboro,NC,,6733,20243,10413,11833,56,1-Jun,960,1140,17,23,3.8,8397,14534,233,1654,13487,10464,19,23,38,62,Minority Enrollment,94,Black,85,Hispanic,4,Two or more races,4,White,3,Asian,1,,,Unknown,1,34,82,46639,36022,36.0726,-79.792
0,Oklahoma City University,280,Private,Urban,"2501 N. Blackwelder, Oklahoma City, OK, 73106",Oklahoma City,OK,33586,,,26834,1361,70,Rolling,1080,1260,20,26,3.8,12916,26046,381,1189,2550,1309,9,79,34,66,Minority Enrollment,31,White,63,Hispanic,13,Two or more races,9,Black,5,International,5,American Indian,2,Asian,2,60,55,27664,46103,35.4853,-97.5372
0,Old Dominion University,280,Public,City,"5115 Hampton Boulevard, Norfolk, VA, 23529",Norfolk,VA,,12262,32662,16948,18375,95,1-Feb,1090,1250,22,27,3.4,14652,15690,165,4732,23107,13863,16,40,45,55,Minority Enrollment,54,White,42,Black,32,Hispanic,10,Two or more races,7,Asian,5,Unknown,2,International,1,25,71,31273,42626,36.9312,-76.2397
0,Portland State University,280,Public,Urban,"PO Box 751, Portland, OR, 97207",Portland,OR,,9375,24495,13334,16864,93,Rolling,1070,1300,18,27,3.4,13140,13149,156,4747,21611,10854,17,50,43,57,Minority Enrollment,46,White,49,Hispanic,22,Asian,10,Two or more races,7,Black,5,International,3,Pacific Islander,1,32,50,22621,37970,45.5235,-122.6762
0,Southern Illinois University--Carbondale,280,Public,Rural,"Undergraduate Admissions, 1263 Lincoln Drive, Carbondale, IL, 62901",Carbondale,IL,,15522,15522,16316,8000,91,Rolling,900,1140,19,27,3.2,10622,17711,183,3107,11107,6696,11,62,50,50,Minority Enrollment,32,White,66,Black,17,Hispanic,9,Two or more races,4,Asian,2,,,International,2,35,62,28811,40092,37.72,-89.2158
0,Texas State University,280,Public,Suburban,"601 University Drive, San Marcos, TX, 78666",San Marcos,TX,,12207,24447,17033,33834,88,15-Jul,980,1180,19,26,,11926,15016,180,4337,38171,27395,22,37,40,60,Minority Enrollment,58,Hispanic,42,White,40,Black,9,Two or more races,4,Asian,3,International,1,Unknown,1,35,63,24875,39578,29.8754,-97.9404
0,University of St. Francis,280,Private,Suburban,"500 Wilcox Street, Joliet, IL, 60435",Joliet,IL,37000,,,16578,1417,58,Rolling,980,1180,22,30,3.5,11980,30999,405,1881,3298,1176,14,81,33,67,Minority Enrollment,91,Hispanic,50,Asian,29,Black,9,White,4,American Indian,3,International,3,Unknown,1,47,72,35927,57402,41.5454,-88.1299
0,University of Texas at San Antonio,280,Public,Urban,"One UTSA Circle, San Antonio, TX, 78249",San Antonio,TX,,10580,26798,10489,29654,87,1-Jun,1010,1220,19,26,,14248,12870,82,4690,34344,21591,26,23,48,52,Minority Enrollment,78,Hispanic,61,White,20,Black,8,Asian,6,Two or more races,3,International,1,Unknown,1,32,60,21963,38500,29.5612,-98.6117
0,University of Toledo,280,Public,Urban,"2801 W. Bancroft, Toledo, OH, 43606",Toledo,OH,,11920,21280,16650,11965,92,Rolling,1060,1280,21,28,3.5,14652,13109,161,3619,15584,9574,18,50,48,52,Minority Enrollment,23,White,68,Black,10,International,7,Hispanic,6,Two or more races,4,Asian,3,Unknown,3,33,75,24744,46234,41.6712,-83.606
0,Alvernia University,296,Private,City,"400 St. Bernardine Street, Reading, PA, 19607",Reading,PA,42810,,,26771,2018,59,Rolling,995,1170,,,3.5,15090,,416,466,2484,1669,12,62,37,63,Minority Enrollment,30,White,63,Hispanic,14,Black,11,International,4,Two or more races,3,Unknown,3,Asian,2,44,,,49633,40.2995,-75.9876
0,Edgewood College,296,Private,,"1000 Edgewood College Drive, Madison, WI, 53711",Madison,WI,33550,,,26700,1233,95,1-Aug,,,,,,12120,,381,661,1894,1043,12,,32,68,Minority Enrollment,21,White,76,Hispanic,11,Black,4,Asian,3,Two or more races,3,Unknown,2,International,1,42,,,52280,43.0356,-89.4526
